images,labels
AE00022_095817_00_1_1_2001.jpg,1.0
AE00382_081204_00_3_4_2001.jpg,1.0
AE00281_235123_00_2_1_2001.jpg,1.0
AE00408_051313_00_4_4_2001.jpg,0.0
AE00379_034020_00_1_2_2001.jpg,0.0
AE00343_113752_00_3_2_2001.jpg,0.0
AE00346_093109_00_3_4_2001.jpg,1.0
AE00476_191132_00_4_2_2001.jpg,1.0
AE00481_171036_00_1_1_2001.jpg,0.0
AE00191_171626_00_2_1_2001.jpg,1.0
AE00433_172202_00_1_3_2001.jpg,0.0
AE00389_103128_00_1_1_2001.jpg,1.0
AE00305_012956_00_1_4_2001.jpg,1.0
AE00453_161459_00_2_1_2001.jpg,0.0
AE00531_003449_00_1_1_2001.jpg,1.0
AE00227_190313_00_3_2_2001.jpg,1.0
AE00299_221832_00_2_1_2001.jpg,1.0
AE00343_105100_00_2_1_2001.jpg,0.0
AE00481_022915_00_1_1_2001.jpg,0.0
AE00227_183500_00_2_2_2001.jpg,1.0
AE00305_223705_00_2_4_2001.jpg,1.0
AE00343_041726_00_1_1_2001.jpg,0.0
AE00402_220017_00_4_3_2001.jpg,0.0
AE00305_104749_00_3_2_2001.jpg,1.0
AE00238_120934_00_3_3_2001.jpg,0.0
AE00352_063923_00_4_4_2001.jpg,0.0
AE00385_232504_00_3_2_2001.jpg,1.0
AE00472_162631_00_1_1_2001.jpg,0.0
AE00343_111641_00_3_3_2001.jpg,1.0
AE00385_014516_00_4_1_2001.jpg,0.0
AE00481_214752_00_4_2_2001.jpg,0.0
AE00550_184119_00_1_2_2001.jpg,0.0
AE00266_094653_00_2_2_2001.jpg,1.0
AE00385_212524_00_3_1_2001.jpg,1.0
AE00331_184903_00_2_3_2001.jpg,1.0
AE00553_190620_00_4_4_2001.jpg,0.0
AE00227_201036_00_2_3_2001.jpg,1.0
AE00453_031045_00_1_1_2001.jpg,0.0
AE00483_173138_00_4_4_2001.jpg,0.0
AE00553_155213_00_1_1_2001.jpg,0.0
AE00343_071037_00_2_2_2001.jpg,1.0
AE00305_030717_00_4_4_2001.jpg,0.0
AE00481_144211_00_4_4_2001.jpg,1.0
AE00227_210047_00_2_2_2001.jpg,1.0
AE00305_025922_00_2_3_2001.jpg,1.0
AE00343_170903_00_1_2_2001.jpg,1.0
AE00331_172325_00_4_2_2001.jpg,0.0
AE00354_155040_00_3_3_2001.jpg,1.0
AE00450_102220_00_1_3_2001.jpg,0.0
AE00281_062259_00_2_1_2001.jpg,1.0
AE00385_040121_00_1_3_2001.jpg,1.0
AE00370_023945_00_3_3_2001.jpg,1.0
AE00191_184806_00_4_2_2001.jpg,0.0
AE00072_220732_00_2_2_2001.jpg,1.0
AE00248_034942_00_2_2_2001.jpg,1.0
AE00343_033811_00_2_1_2001.jpg,1.0
AE00367_135516_00_4_4_2001.jpg,0.0
AE00352_011502_00_3_3_2001.jpg,1.0
AE00472_193243_00_1_2_2001.jpg,0.0
AE00266_164050_00_2_2_2001.jpg,1.0
AE00409_024526_00_1_2_2001.jpg,0.0
AE00281_103611_00_2_3_2001.jpg,1.0
AE00427_004106_00_3_2_2001.jpg,1.0
AE00385_052625_00_3_1_2001.jpg,1.0
AE00396_042840_00_1_2_2001.jpg,0.0
AE00367_175715_00_3_4_2001.jpg,1.0
AE00367_170836_00_4_3_2001.jpg,0.0
AE00299_031406_00_2_1_2001.jpg,1.0
AE00343_213749_00_2_2_2001.jpg,0.0
AE00343_041251_00_2_4_2001.jpg,1.0
AE00472_201542_00_4_1_2001.jpg,0.0
AE00331_085043_00_2_4_2001.jpg,1.0
AE00305_234131_00_2_3_2001.jpg,1.0
AE00402_205457_00_1_2_2001.jpg,1.0
AE00379_154750_00_3_2_2001.jpg,1.0
AE00343_054627_00_3_2_2001.jpg,1.0
AE00343_074824_00_3_2_2001.jpg,1.0
AE00466_183407_00_3_1_2001.jpg,0.0
AE00483_143836_00_4_2_2001.jpg,0.0
AE00072_085809_00_2_3_2001.jpg,1.0
AE00379_190315_00_1_1_2001.jpg,0.0
AE00453_215243_00_1_2_2001.jpg,1.0
AE00385_232646_00_3_2_2001.jpg,1.0
AE00305_012956_00_3_3_2001.jpg,1.0
AE00453_002731_00_1_1_2001.jpg,0.0
AE00281_071133_00_2_1_2001.jpg,1.0
AE00483_052800_00_1_1_2001.jpg,0.0
AE00481_134450_00_4_4_2001.jpg,0.0
AE00408_001057_00_1_2_2001.jpg,0.0
AE00551_130730_00_4_4_2001.jpg,0.0
AE00299_112632_00_3_2_2001.jpg,1.0
AE00191_210921_00_3_3_2001.jpg,1.0
AE00370_221433_00_3_3_2001.jpg,1.0
AE00248_074111_00_2_1_2001.jpg,1.0
AE00501_200719_00_1_1_2001.jpg,1.0
AE00133_102040_00_4_2_2001.jpg,0.0
AE00354_010008_00_3_2_2001.jpg,1.0
AE00018_234752_00_3_4_2001.jpg,1.0
AE00533_183245_00_4_1_2001.jpg,0.0
AE00346_155729_00_3_1_2001.jpg,1.0
AE00354_131120_00_3_1_2001.jpg,1.0
AE00191_012045_00_3_3_2001.jpg,1.0
AE00343_022349_00_2_4_2001.jpg,1.0
AE00299_090318_00_3_2_2001.jpg,1.0
AE00367_103146_00_3_1_2001.jpg,1.0
AE00382_023012_00_3_3_2001.jpg,1.0
AE00450_041344_00_4_1_2001.jpg,0.0
AE00385_221357_00_3_1_2001.jpg,1.0
AE00433_131021_00_1_2_2001.jpg,0.0
AE00191_182225_00_2_4_2001.jpg,1.0
AE00322_161059_00_2_4_2001.jpg,1.0
AE00402_170954_00_1_2_2001.jpg,0.0
AE00379_032319_00_1_2_2001.jpg,0.0
AE00072_011247_00_3_2_2001.jpg,1.0
AE00191_002848_00_3_2_2001.jpg,1.0
AE00008_113034_00_4_2_2001.jpg,1.0
AE00427_153702_00_1_2_2001.jpg,0.0
AE00305_015145_00_3_2_2001.jpg,1.0
AE00305_065236_00_2_4_2001.jpg,1.0
AE00402_141602_00_1_4_2001.jpg,0.0
AE00367_032607_00_3_2_2001.jpg,1.0
AE00191_054910_00_2_2_2001.jpg,1.0
AE00227_101837_00_2_1_2001.jpg,1.0
AE00385_064149_00_3_3_2001.jpg,1.0
AE00483_044522_00_4_3_2001.jpg,0.0
AE00191_111307_00_3_3_2001.jpg,1.0
AE00409_192234_00_1_2_2001.jpg,0.0
AE00472_043959_00_3_4_2001.jpg,0.0
AE00385_071950_00_1_3_2001.jpg,1.0
AE00229_115017_00_2_3_2001.jpg,1.0
AE00533_202310_00_4_2_2001.jpg,0.0
AE00248_122052_00_2_2_2001.jpg,1.0
AE00382_224102_00_3_3_2001.jpg,1.0
AE00385_124405_00_3_2_2001.jpg,1.0
AE00385_204108_00_3_2_2001.jpg,1.0
AE00352_124045_00_3_1_2001.jpg,1.0
AE00379_014107_00_4_2_2001.jpg,0.0
AE00018_181420_00_3_2_2001.jpg,1.0
AE00354_115731_00_3_4_2001.jpg,1.0
AE00352_111211_00_3_4_2001.jpg,1.0
AE00191_030645_00_3_1_2001.jpg,1.0
AE00227_212425_00_3_1_2001.jpg,1.0
AE00385_014301_00_3_1_2001.jpg,1.0
AE00476_023640_00_1_1_2001.jpg,1.0
AE00427_202543_00_1_2_2001.jpg,0.0
AE00191_102500_00_4_3_2001.jpg,0.0
AE00476_181847_00_4_2_2001.jpg,1.0
AE00367_175745_00_3_1_2001.jpg,1.0
AE00466_023428_00_1_3_2001.jpg,1.0
AE00546_074249_00_1_4_2001.jpg,1.0
AE00182_040504_00_2_2_2001.jpg,1.0
AE00354_154649_00_1_3_2001.jpg,1.0
AE00352_135648_00_4_1_2001.jpg,1.0
AE00008_080949_00_2_2_2001.jpg,1.0
AE00367_204925_00_1_4_2001.jpg,1.0
AE00385_225735_00_3_1_2001.jpg,1.0
AE00305_045946_00_2_4_2001.jpg,1.0
AE00305_023553_00_2_1_2001.jpg,1.0
AE00534_032008_00_1_2_2001.jpg,1.0
AE00305_144800_00_3_4_2001.jpg,1.0
AE00343_041632_00_3_1_2001.jpg,0.0
AE00499_193456_00_1_1_2001.jpg,0.0
AE00385_100404_00_3_2_2001.jpg,1.0
AE00305_172837_00_3_2_2001.jpg,1.0
AE00432_130549_00_1_3_2001.jpg,0.0
AE00440_071828_00_1_4_2001.jpg,1.0
AE00281_055236_00_2_4_2001.jpg,1.0
AE00552_201143_00_4_1_2001.jpg,0.0
AE00299_171757_00_2_2_2001.jpg,1.0
AE00227_210047_00_2_4_2001.jpg,1.0
AE00453_062540_00_4_2_2001.jpg,0.0
AE00438_105145_00_1_1_2001.jpg,0.0
AE00343_074333_00_3_3_2001.jpg,1.0
AE00343_144311_00_2_2_2001.jpg,1.0
AE00367_000048_00_3_1_2001.jpg,1.0
AE00427_064642_00_3_4_2001.jpg,0.0
AE00501_201214_00_4_3_2001.jpg,0.0
AE00483_164714_00_1_3_2001.jpg,0.0
AE00436_164917_00_3_4_2001.jpg,0.0
AE00456_125849_00_1_1_2001.jpg,0.0
AE00305_221314_00_2_1_2001.jpg,1.0
AE00389_154125_00_4_2_2001.jpg,0.0
AE00182_210803_00_3_3_2001.jpg,1.0
AE00382_084558_00_3_1_2001.jpg,1.0
AE00453_171346_00_1_2_2001.jpg,1.0
AE00248_172430_00_2_1_2001.jpg,1.0
AE00346_031221_00_1_2_2001.jpg,0.0
AE00343_184341_00_2_3_2001.jpg,1.0
AE00500_191344_00_1_1_2001.jpg,0.0
AE00191_203618_00_2_1_2001.jpg,1.0
AE00453_183858_00_2_2_2001.jpg,1.0
AE00385_172603_00_3_3_2001.jpg,1.0
AE00343_175145_00_2_1_2001.jpg,1.0
AE00354_033220_00_3_4_2001.jpg,1.0
AE00367_185723_00_3_2_2001.jpg,0.0
AE00534_165353_00_4_2_2001.jpg,0.0
AE00229_002703_00_2_3_2001.jpg,1.0
AE00436_133914_00_1_1_2001.jpg,0.0
AE00533_160337_00_4_3_2001.jpg,0.0
AE00343_105100_00_1_1_2001.jpg,0.0
AE00427_174309_00_3_1_2001.jpg,0.0
AE00385_034151_00_1_1_2001.jpg,0.0
AE00343_112601_00_2_3_2001.jpg,1.0
AE00427_041520_00_1_1_2001.jpg,0.0
AE00305_104749_00_2_3_2001.jpg,1.0
AE00346_150523_00_4_2_2001.jpg,0.0
AE00352_021700_00_3_3_2001.jpg,1.0
AE00299_011116_00_3_1_2001.jpg,1.0
AE00548_155756_00_4_1_2001.jpg,0.0
AE00343_202530_00_3_4_2001.jpg,1.0
AE00343_000632_00_2_3_2001.jpg,1.0
AE00553_162042_00_1_1_2001.jpg,0.0
AE00472_142540_00_1_1_2001.jpg,1.0
AE00385_014516_00_3_1_2001.jpg,0.0
AE00266_182646_00_3_2_2001.jpg,1.0
AE00191_170539_00_1_2_2001.jpg,0.0
AE00548_181201_00_1_1_2001.jpg,0.0
AE00266_085452_00_2_2_2001.jpg,1.0
AE00191_203539_00_2_1_2001.jpg,1.0
AE00182_033619_00_2_2_2001.jpg,1.0
AE00302_073324_00_1_2_2001.jpg,1.0
AE00191_212347_00_2_1_2001.jpg,0.0
AE00227_084721_00_2_1_2001.jpg,1.0
AE00552_205044_00_1_3_2001.jpg,1.0
AE00191_170539_00_1_1_2001.jpg,0.0
AE00402_033946_00_1_1_2001.jpg,0.0
AE00367_210139_00_3_4_2001.jpg,1.0
AE00343_095314_00_2_3_2001.jpg,1.0
AE00402_192733_00_2_1_2001.jpg,0.0
AE00389_033707_00_1_2_2001.jpg,0.0
AE00227_181809_00_2_2_2001.jpg,1.0
AE00346_091813_00_4_1_2001.jpg,0.0
AE00343_121158_00_3_1_2001.jpg,1.0
AE00227_210047_00_3_2_2001.jpg,1.0
AE00367_085800_00_3_4_2001.jpg,1.0
AE00367_152856_00_4_3_2001.jpg,0.0
AE00367_132104_00_4_1_2001.jpg,0.0
AE00191_070713_00_2_4_2001.jpg,1.0
AE00497_164643_00_1_2_2001.jpg,0.0
AE00227_194509_00_4_2_2001.jpg,1.0
AE00302_171303_00_2_2_2001.jpg,1.0
AE00499_183233_00_1_1_2001.jpg,0.0
AE00305_234131_00_3_3_2001.jpg,1.0
AE00346_141702_00_2_4_2001.jpg,0.0
AE00191_042037_00_2_2_2001.jpg,1.0
AE00367_070839_00_2_3_2001.jpg,0.0
AE00481_051053_00_4_3_2001.jpg,0.0
AE00453_031045_00_4_4_2001.jpg,0.0
AE00227_180307_00_3_2_2001.jpg,1.0
AE00266_131022_00_3_4_2001.jpg,0.0
AE00305_030717_00_4_1_2001.jpg,0.0
AE00499_150347_00_3_4_2001.jpg,0.0
AE00191_034032_00_2_1_2001.jpg,1.0
AE00450_102220_00_1_4_2001.jpg,0.0
AE00354_161000_00_4_1_2001.jpg,0.0
AE00389_221038_00_1_1_2001.jpg,0.0
AE00382_075827_00_3_4_2001.jpg,1.0
AE00409_171833_00_4_2_2001.jpg,1.0
AE00389_172644_00_1_1_2001.jpg,1.0
AE00396_052034_00_1_2_2001.jpg,0.0
AE00453_033512_00_1_1_2001.jpg,0.0
AE00367_163909_00_3_1_2001.jpg,1.0
AE00352_174121_00_3_4_2001.jpg,1.0
AE00466_013823_00_4_1_2001.jpg,0.0
AE00227_223447_00_2_1_2001.jpg,1.0
AE00331_005959_00_2_2_2001.jpg,1.0
AE00402_024458_00_1_2_2001.jpg,1.0
AE00299_205308_00_2_2_2001.jpg,1.0
AE00436_185443_00_4_3_2001.jpg,0.0
AE00532_092624_00_2_1_2001.jpg,1.0
AE00331_175923_00_2_3_2001.jpg,1.0
AE00346_063622_00_2_1_2001.jpg,0.0
AE00343_015001_00_3_2_2001.jpg,1.0
AE00472_030923_00_1_1_2001.jpg,0.0
AE00354_192118_00_1_2_2001.jpg,0.0
AE00385_100103_00_3_2_2001.jpg,1.0
AE00346_044950_00_1_3_2001.jpg,1.0
AE00411_063140_00_1_2_2001.jpg,0.0
AE00343_150331_00_2_3_2001.jpg,1.0
AE00191_231326_00_4_2_2001.jpg,0.0
AE00352_002748_00_3_3_2001.jpg,1.0
AE00348_044724_00_1_3_2001.jpg,1.0
AE00481_133110_00_1_2_2001.jpg,1.0
AE00191_041632_00_1_2_2001.jpg,0.0
AE00305_045946_00_2_2_2001.jpg,1.0
AE00299_173416_00_2_3_2001.jpg,1.0
AE00227_190138_00_2_2_2001.jpg,1.0
AE00408_035354_00_4_3_2001.jpg,0.0
AE00191_042037_00_2_4_2001.jpg,1.0
AE00481_022915_00_1_4_2001.jpg,1.0
AE00466_013823_00_4_3_2001.jpg,0.0
AE00191_010526_00_2_2_2001.jpg,1.0
AE00396_042840_00_4_1_2001.jpg,0.0
AE00227_095511_00_4_1_2001.jpg,0.0
AE00476_184731_00_4_1_2001.jpg,1.0
AE00352_131751_00_1_1_2001.jpg,0.0
AE00350_091446_00_3_1_2001.jpg,1.0
AE00385_200538_00_3_3_2001.jpg,1.0
AE00354_190545_00_4_1_2001.jpg,0.0
AE00382_012537_00_3_3_2001.jpg,1.0
AE00382_170252_00_3_3_2001.jpg,1.0
AE00352_061239_00_3_3_2001.jpg,1.0
AE00367_171356_00_3_4_2001.jpg,0.0
AE00450_163756_00_2_1_2001.jpg,0.0
AE00354_050358_00_3_4_2001.jpg,1.0
AE00346_131605_00_4_4_2001.jpg,1.0
AE00500_160139_00_1_3_2001.jpg,0.0
AE00305_222525_00_2_2_2001.jpg,1.0
AE00348_222516_00_3_1_2001.jpg,1.0
AE00305_032302_00_2_2_2001.jpg,1.0
AE00485_071726_00_1_1_2001.jpg,0.0
AE00427_133804_00_2_1_2001.jpg,0.0
AE00191_203539_00_3_2_2001.jpg,1.0
AE00191_191447_00_4_3_2001.jpg,0.0
AE00389_070931_00_1_1_2001.jpg,1.0
AE00281_165406_00_2_2_2001.jpg,0.0
AE00305_045946_00_3_3_2001.jpg,1.0
AE00354_103234_00_3_3_2001.jpg,1.0
AE00385_065651_00_4_1_2001.jpg,0.0
AE00305_054921_00_2_2_2001.jpg,1.0
AE00227_233655_00_2_1_2001.jpg,1.0
AE00533_183245_00_4_4_2001.jpg,0.0
AE00453_190653_00_4_1_2001.jpg,0.0
AE00395_220854_00_1_2_2001.jpg,0.0
AE00229_073616_00_3_2_2001.jpg,0.0
AE00343_161350_00_4_1_2001.jpg,0.0
AE00305_094613_00_2_2_2001.jpg,1.0
AE00461_150804_00_4_1_2001.jpg,0.0
AE00534_185939_00_1_1_2001.jpg,0.0
AE00348_234019_00_4_3_2001.jpg,0.0
AE00266_161700_00_2_4_2001.jpg,1.0
AE00352_074928_00_3_1_2001.jpg,1.0
AE00352_073640_00_3_4_2001.jpg,1.0
AE00354_213358_00_3_2_2001.jpg,1.0
AE00402_220017_00_1_3_2001.jpg,0.0
AE00348_225115_00_3_3_2001.jpg,1.0
AE00554_134546_00_1_1_2001.jpg,0.0
AE00331_080813_00_2_4_2001.jpg,1.0
AE00476_052659_00_1_1_2001.jpg,0.0
AE00396_052034_00_3_2_2001.jpg,0.0
AE00476_203913_00_4_1_2001.jpg,0.0
AE00453_090303_00_1_1_2001.jpg,0.0
AE00483_005812_00_4_3_2001.jpg,0.0
AE00409_131523_00_1_4_2001.jpg,0.0
AE00191_200934_00_3_4_2001.jpg,1.0
AE00385_154451_00_4_2_2001.jpg,0.0
AE00385_210754_00_1_1_2001.jpg,1.0
AE00331_141909_00_2_2_2001.jpg,1.0
AE00182_023843_00_2_1_2001.jpg,1.0
AE00343_153931_00_4_2_2001.jpg,0.0
AE00409_192303_00_4_3_2001.jpg,0.0
AE00350_145827_00_3_2_2001.jpg,0.0
AE00227_233655_00_2_2_2001.jpg,1.0
AE00453_102205_00_1_2_2001.jpg,0.0
AE00402_032641_00_2_4_2001.jpg,0.0
AE00343_131441_00_2_4_2001.jpg,1.0
AE00072_171453_00_3_3_2001.jpg,1.0
AE00299_114245_00_2_1_2001.jpg,1.0
AE00352_061239_00_2_4_2001.jpg,0.0
AE00472_165354_00_2_3_2001.jpg,0.0
AE00022_193013_00_3_3_2001.jpg,1.0
AE00379_145124_00_3_1_2001.jpg,0.0
AE00346_062403_00_2_3_2001.jpg,0.0
AE00348_054207_00_3_4_2001.jpg,1.0
AE00072_033653_00_4_2_2001.jpg,0.0
AE00225_130348_00_4_2_2001.jpg,1.0
AE00534_203731_00_4_2_2001.jpg,0.0
AE00405_203311_00_4_1_2001.jpg,0.0
AE00481_051053_00_1_2_2001.jpg,0.0
AE00379_190315_00_3_1_2001.jpg,0.0
AE00379_003525_00_3_1_2001.jpg,1.0
AE00305_032041_00_3_3_2001.jpg,1.0
AE00481_083934_00_4_4_2001.jpg,1.0
AE00225_052439_00_2_2_2001.jpg,1.0
AE00343_031408_00_3_1_2001.jpg,1.0
AE00367_174006_00_3_2_2001.jpg,1.0
AE00343_001559_00_2_3_2001.jpg,1.0
AE00248_210420_00_2_3_2001.jpg,1.0
AE00348_000736_00_3_3_2001.jpg,1.0
AE00483_034117_00_4_4_2001.jpg,0.0
AE00385_100017_00_3_3_2001.jpg,1.0
AE00382_221545_00_3_4_2001.jpg,1.0
AE00191_062359_00_2_3_2001.jpg,1.0
AE00549_165307_00_1_2_2001.jpg,0.0
AE00409_014237_00_1_1_2001.jpg,0.0
AE00370_234643_00_1_2_2001.jpg,1.0
AE00379_100106_00_3_4_2001.jpg,1.0
AE00248_094359_00_2_1_2001.jpg,1.0
AE00450_041344_00_1_3_2001.jpg,0.0
AE00427_144843_00_1_1_2001.jpg,0.0
AE00501_052011_00_3_4_2001.jpg,0.0
AE00248_012837_00_3_2_2001.jpg,1.0
AE00483_223424_00_1_1_2001.jpg,0.0
AE00385_093054_00_4_3_2001.jpg,0.0
AE00346_110335_00_3_2_2001.jpg,0.0
AE00343_155858_00_2_2_2001.jpg,1.0
AE00227_013929_00_3_3_2001.jpg,1.0
AE00405_154024_00_1_1_2001.jpg,0.0
AE00354_230009_00_1_2_2001.jpg,0.0
AE00385_210230_00_3_4_2001.jpg,1.0
AE00182_093650_00_3_3_2001.jpg,1.0
AE00533_191703_00_4_1_2001.jpg,0.0
AE00343_034016_00_3_1_2001.jpg,1.0
AE00229_224004_00_4_2_2001.jpg,0.0
AE00385_134955_00_1_4_2001.jpg,0.0
AE00382_025306_00_3_2_2001.jpg,1.0
AE00408_053839_00_2_2_2001.jpg,0.0
AE00305_000057_00_3_3_2001.jpg,1.0
AE00072_012835_00_3_4_2001.jpg,1.0
AE00492_051402_00_1_2_2001.jpg,0.0
AE00367_101402_00_3_1_2001.jpg,1.0
AE00322_141140_00_3_3_2001.jpg,1.0
AE00305_221817_00_2_1_2001.jpg,1.0
AE00018_143756_00_3_1_2001.jpg,1.0
AE00191_215019_00_3_2_2001.jpg,1.0
AE00408_091614_00_1_1_2001.jpg,0.0
AE00499_172359_00_1_1_2001.jpg,0.0
AE00343_103828_00_3_2_2001.jpg,1.0
AE00405_130807_00_3_4_2001.jpg,0.0
AE00549_225848_00_1_2_2001.jpg,0.0
AE00396_042840_00_1_3_2001.jpg,0.0
AE00191_000312_00_2_3_2001.jpg,1.0
AE00466_221002_00_1_3_2001.jpg,1.0
AE00305_030717_00_1_2_2001.jpg,0.0
AE00248_133450_00_2_2_2001.jpg,0.0
AE00354_235946_00_3_1_2001.jpg,1.0
AE00018_074640_00_2_3_2001.jpg,1.0
AE00305_160129_00_2_2_2001.jpg,1.0
AE00299_022838_00_1_1_2001.jpg,0.0
AE00182_030834_00_1_2_2001.jpg,1.0
AE00352_000654_00_1_2_2001.jpg,0.0
AE00281_165406_00_4_4_2001.jpg,0.0
AE00492_230725_00_1_2_2001.jpg,0.0
AE00472_002915_00_1_1_2001.jpg,1.0
AE00453_013609_00_4_3_2001.jpg,0.0
AE00436_170725_00_4_1_2001.jpg,0.0
AE00554_080851_00_1_4_2001.jpg,0.0
AE00352_170743_00_1_2_2001.jpg,1.0
AE00191_092733_00_2_1_2001.jpg,1.0
AE00118_101543_00_1_1_2001.jpg,0.0
AE00367_160649_00_3_2_2001.jpg,1.0
AE00554_055547_00_4_1_2001.jpg,0.0
AE00472_013744_00_4_2_2001.jpg,0.0
AE00499_105346_00_2_4_2001.jpg,0.0
AE00350_150641_00_2_1_2001.jpg,0.0
AE00354_211930_00_3_3_2001.jpg,1.0
AE00018_023038_00_2_2_2001.jpg,1.0
AE00348_172531_00_3_4_2001.jpg,1.0
AE00545_163310_00_4_4_2001.jpg,0.0
AE00553_232914_00_1_1_2001.jpg,1.0
AE00352_131418_00_3_2_2001.jpg,1.0
AE00549_155528_00_1_2_2001.jpg,0.0
AE00022_010711_00_2_4_2001.jpg,1.0
AE00369_175135_00_4_1_2001.jpg,1.0
AE00442_133611_00_4_1_2001.jpg,1.0
AE00346_050830_00_1_2_2001.jpg,0.0
AE00367_172524_00_3_3_2001.jpg,1.0
AE00385_170104_00_3_3_2001.jpg,1.0
AE00385_181743_00_3_4_2001.jpg,1.0
AE00529_165949_00_4_3_2001.jpg,0.0
AE00305_161755_00_4_2_2001.jpg,0.0
AE00472_013744_00_1_4_2001.jpg,0.0
AE00072_230302_00_3_2_2001.jpg,1.0
AE00534_183439_00_1_3_2001.jpg,0.0
AE00481_102848_00_1_1_2001.jpg,1.0
AE00191_071651_00_2_3_2001.jpg,1.0
AE00343_123806_00_2_2_2001.jpg,1.0
AE00405_141808_00_1_2_2001.jpg,0.0
AE00305_162504_00_2_4_2001.jpg,1.0
AE00385_222228_00_3_2_2001.jpg,1.0
AE00346_163529_00_3_1_2001.jpg,1.0
AE00305_171529_00_2_3_2001.jpg,1.0
AE00385_034151_00_4_4_2001.jpg,0.0
AE00481_070916_00_1_1_2001.jpg,0.0
AE00305_224727_00_2_2_2001.jpg,1.0
AE00554_092030_00_2_3_2001.jpg,0.0
AE00483_111258_00_3_4_2001.jpg,0.0
AE00500_080058_00_3_1_2001.jpg,0.0
AE00359_110104_00_2_1_2001.jpg,0.0
AE00331_014413_00_2_3_2001.jpg,1.0
AE00389_172731_00_4_2_2001.jpg,0.0
AE00367_103144_00_1_3_2001.jpg,0.0
AE00191_114702_00_2_2_2001.jpg,1.0
AE00343_210712_00_2_3_2001.jpg,1.0
AE00382_034809_00_3_2_2001.jpg,1.0
AE00229_115017_00_3_1_2001.jpg,1.0
AE00481_044444_00_1_3_2001.jpg,0.0
AE00191_041632_00_4_2_2001.jpg,0.0
AE00550_184119_00_4_2_2001.jpg,0.0
AE00389_044908_00_1_1_2001.jpg,1.0
AE00354_220512_00_3_2_2001.jpg,1.0
AE00499_155924_00_2_4_2001.jpg,0.0
AE00346_105700_00_3_3_2001.jpg,0.0
AE00281_162528_00_4_2_2001.jpg,0.0
AE00352_093651_00_4_2_2001.jpg,0.0
AE00331_032333_00_2_2_2001.jpg,1.0
AE00072_191813_00_3_1_2001.jpg,1.0
AE00343_044955_00_2_2_2001.jpg,1.0
AE00227_131226_00_1_2_2001.jpg,1.0
AE00346_031221_00_3_4_2001.jpg,1.0
AE00466_131150_00_4_4_2001.jpg,0.0
AE00476_170527_00_1_1_2001.jpg,0.0
AE00501_162537_00_1_1_2001.jpg,0.0
AE00248_132033_00_3_4_2001.jpg,1.0
AE00227_130213_00_2_4_2001.jpg,1.0
AE00370_205009_00_1_1_2001.jpg,0.0
AE00389_030421_00_1_3_2001.jpg,0.0
AE00343_011049_00_1_2_2001.jpg,1.0
AE00502_151446_00_1_1_2001.jpg,0.0
AE00343_211929_00_2_2_2001.jpg,1.0
AE00018_023038_00_4_1_2001.jpg,0.0
AE00227_095127_00_2_3_2001.jpg,1.0
AE00405_185816_00_4_1_2001.jpg,0.0
AE00191_032324_00_3_1_2001.jpg,1.0
AE00385_124405_00_3_4_2001.jpg,1.0
AE00408_051313_00_1_2_2001.jpg,0.0
AE00453_180049_00_3_4_2001.jpg,1.0
AE00408_035531_00_2_4_2001.jpg,0.0
AE00379_162242_00_3_2_2001.jpg,1.0
AE00266_075928_00_2_2_2001.jpg,1.0
AE00352_065306_00_3_3_2001.jpg,1.0
AE00382_101944_00_3_4_2001.jpg,1.0
AE00348_181026_00_1_3_2001.jpg,0.0
AE00191_142852_00_3_3_2001.jpg,1.0
AE00502_041121_00_2_1_2001.jpg,0.0
AE00354_183742_00_4_4_2001.jpg,0.0
AE00485_074216_00_1_3_2001.jpg,0.0
AE00331_044334_00_2_2_2001.jpg,1.0
AE00385_173553_00_3_1_2001.jpg,1.0
AE00343_001916_00_2_1_2001.jpg,1.0
AE00499_000416_00_4_4_2001.jpg,1.0
AE00182_173505_00_2_4_2001.jpg,1.0
AE00346_091250_00_4_1_2001.jpg,0.0
AE00018_073906_00_4_2_2001.jpg,1.0
AE00322_154835_00_2_2_2001.jpg,1.0
AE00481_152655_00_4_2_2001.jpg,0.0
AE00546_165106_00_1_3_2001.jpg,0.0
AE00343_235212_00_3_4_2001.jpg,1.0
AE00182_223307_00_2_2_2001.jpg,1.0
AE00279_094342_00_1_3_2001.jpg,0.0
AE00343_092148_00_2_1_2001.jpg,1.0
AE00466_130400_00_1_2_2001.jpg,0.0
AE00309_155715_00_2_4_2001.jpg,1.0
AE00350_180150_00_3_1_2001.jpg,1.0
AE00343_113956_00_2_1_2001.jpg,1.0
AE00354_182351_00_4_1_2001.jpg,0.0
AE00367_014312_00_4_3_2001.jpg,0.0
AE00449_232245_00_2_1_2001.jpg,0.0
AE00343_113432_00_1_2_2001.jpg,1.0
AE00427_202543_00_1_1_2001.jpg,0.0
AE00191_100040_00_3_2_2001.jpg,1.0
AE00500_181332_00_1_2_2001.jpg,0.0
AE00299_095158_00_2_4_2001.jpg,1.0
AE00450_163356_00_4_2_2001.jpg,0.0
AE00227_092620_00_3_4_2001.jpg,1.0
AE00182_061606_00_2_1_2001.jpg,1.0
AE00409_170552_00_1_3_2001.jpg,1.0
AE00191_034656_00_2_3_2001.jpg,1.0
AE00299_175826_00_3_4_2001.jpg,1.0
AE00343_090358_00_3_4_2001.jpg,1.0
AE00309_164423_00_2_2_2001.jpg,1.0
AE00545_183817_00_4_1_2001.jpg,0.0
AE00182_195143_00_1_3_2001.jpg,1.0
AE00549_232227_00_1_4_2001.jpg,1.0
AE00472_141710_00_1_2_2001.jpg,1.0
AE00350_094602_00_4_1_2001.jpg,1.0
AE00254_095951_00_2_3_2001.jpg,1.0
AE00227_000632_00_2_3_2001.jpg,1.0
AE00466_094701_00_1_2_2001.jpg,0.0
AE00072_131041_00_1_2_2001.jpg,1.0
AE00534_175422_00_4_2_2001.jpg,1.0
AE00354_120916_00_3_2_2001.jpg,1.0
AE00367_135516_00_1_3_2001.jpg,0.0
AE00481_120003_00_3_1_2001.jpg,0.0
AE00227_185422_00_2_3_2001.jpg,1.0
AE00379_220229_00_1_2_2001.jpg,0.0
AE00385_233921_00_3_4_2001.jpg,1.0
AE00485_161334_01_4_2_2001.jpg,1.0
AE00476_164612_00_1_2_2001.jpg,0.0
AE00385_015622_00_3_2_2001.jpg,1.0
AE00266_194406_00_1_2_2001.jpg,1.0
AE00370_205009_00_4_1_2001.jpg,0.0
AE00248_164019_00_4_2_2001.jpg,0.0
AE00450_033724_00_4_2_2001.jpg,0.0
AE00367_103144_00_4_1_2001.jpg,0.0
AE00072_193420_00_2_3_2001.jpg,1.0
AE00382_145330_00_3_1_2001.jpg,1.0
AE00499_153839_00_1_1_2001.jpg,1.0
AE00385_143044_00_3_2_2001.jpg,1.0
AE00385_111420_00_2_1_2001.jpg,0.0
AE00305_074247_00_2_1_2001.jpg,1.0
AE00379_053705_00_3_1_2001.jpg,1.0
AE00461_130157_00_4_4_2001.jpg,1.0
AE00191_171626_00_2_4_2001.jpg,1.0
AE00266_045555_00_3_4_2001.jpg,1.0
AE00379_032725_00_3_1_2001.jpg,1.0
AE00389_184621_00_1_1_2001.jpg,0.0
AE00385_042642_00_4_1_2001.jpg,0.0
AE00461_101507_00_4_4_2001.jpg,0.0
AE00191_220439_00_1_2_2001.jpg,0.0
AE00191_052550_00_2_1_2001.jpg,1.0
AE00402_130921_00_4_3_2001.jpg,1.0
AE00227_155202_00_4_2_2001.jpg,0.0
AE00346_110335_00_1_2_2001.jpg,0.0
AE00227_002441_00_2_1_2001.jpg,1.0
AE00405_000039_00_4_1_2001.jpg,0.0
AE00191_182225_00_2_2_2001.jpg,1.0
AE00354_062933_00_3_3_2001.jpg,1.0
AE00354_010827_00_3_4_2001.jpg,1.0
AE00343_003207_00_2_4_2001.jpg,1.0
AE00018_030248_00_2_2_2001.jpg,1.0
AE00483_213231_00_1_1_2001.jpg,0.0
AE00227_095511_00_3_3_2001.jpg,1.0
AE00343_024022_00_2_1_2001.jpg,1.0
AE00547_193248_00_1_3_2001.jpg,1.0
AE00227_094555_00_2_4_2001.jpg,1.0
AE00182_033810_00_3_2_2001.jpg,1.0
AE00072_171453_00_2_3_2001.jpg,1.0
AE00389_182024_00_4_1_2001.jpg,0.0
AE00227_044500_00_3_2_2001.jpg,0.0
AE00476_204713_00_4_2_2001.jpg,1.0
AE00227_041227_00_2_1_2001.jpg,1.0
AE00354_221827_00_3_2_2001.jpg,1.0
AE00302_185308_00_2_3_2001.jpg,1.0
AE00483_141120_00_3_4_2001.jpg,0.0
AE00427_145431_00_1_4_2001.jpg,0.0
AE00402_130921_00_1_1_2001.jpg,1.0
AE00346_212702_00_3_1_2001.jpg,1.0
AE00367_101024_00_4_1_2001.jpg,0.0
AE00191_191743_00_2_1_2001.jpg,1.0
AE00191_043728_00_3_3_2001.jpg,1.0
AE00227_095511_00_1_3_2001.jpg,0.0
AE00346_062403_00_4_3_2001.jpg,0.0
AE00182_030834_00_2_2_2001.jpg,1.0
AE00182_182150_00_3_4_2001.jpg,1.0
AE00182_002540_00_2_2_2001.jpg,1.0
AE00385_063813_00_3_1_2001.jpg,1.0
AE00191_000448_00_3_3_2001.jpg,1.0
AE00485_074216_00_2_3_2001.jpg,0.0
AE00348_025137_00_1_1_2001.jpg,1.0
AE00354_163824_00_3_2_2001.jpg,1.0
AE00266_230513_00_3_3_2001.jpg,1.0
AE00018_154020_00_2_2_2001.jpg,1.0
AE00382_093129_00_4_2_2001.jpg,0.0
AE00382_103327_00_3_4_2001.jpg,1.0
AE00348_180557_00_4_2_2001.jpg,1.0
AE00379_141223_00_3_3_2001.jpg,1.0
AE00449_024359_00_1_2_2001.jpg,0.0
AE00472_043727_00_1_2_2001.jpg,1.0
AE00450_215218_00_1_2_2001.jpg,1.0
AE00478_131543_00_1_2_2001.jpg,1.0
AE00379_124343_00_4_4_2001.jpg,0.0
AE00533_183245_00_4_2_2001.jpg,0.0
AE00343_231437_00_2_1_2001.jpg,1.0
AE00553_192157_00_4_1_2001.jpg,0.0
AE00022_092213_00_2_3_2001.jpg,1.0
AE00354_060340_00_1_2_2001.jpg,1.0
AE00385_042817_00_3_4_2001.jpg,0.0
AE00331_153746_00_2_4_2001.jpg,1.0
AE00305_161755_00_2_4_2001.jpg,1.0
AE00191_225423_00_2_4_2001.jpg,1.0
AE00402_141602_00_1_3_2001.jpg,0.0
AE00248_141233_00_2_1_2001.jpg,1.0
AE00389_042904_00_1_3_2001.jpg,0.0
AE00354_150107_00_1_2_2001.jpg,0.0
AE00227_043400_00_2_2_2001.jpg,1.0
AE00396_135438_00_4_1_2001.jpg,0.0
AE00427_042903_00_1_3_2001.jpg,1.0
AE00502_041121_00_3_1_2001.jpg,0.0
AE00481_134450_00_1_3_2001.jpg,0.0
AE00408_102820_00_4_4_2001.jpg,0.0
AE00385_102848_00_3_4_2001.jpg,1.0
AE00453_011206_00_4_4_2001.jpg,0.0
AE00408_172419_00_3_4_2001.jpg,0.0
AE00466_130400_00_1_3_2001.jpg,0.0
AE00545_183817_00_4_2_2001.jpg,0.0
AE00191_185941_00_2_2_2001.jpg,1.0
AE00379_043257_00_4_2_2001.jpg,0.0
AE00385_061403_00_3_3_2001.jpg,1.0
AE00546_170853_00_2_4_2001.jpg,1.0
AE00409_192303_00_1_1_2001.jpg,0.0
AE00382_073604_00_3_2_2001.jpg,1.0
AE00367_223015_00_1_1_2001.jpg,0.0
AE00346_130324_00_3_4_2001.jpg,1.0
AE00227_233107_00_3_2_2001.jpg,1.0
AE00449_102549_00_4_1_2001.jpg,0.0
AE00385_003929_00_3_4_2001.jpg,1.0
AE00229_160914_00_2_1_2001.jpg,1.0
AE00331_235618_00_2_1_2001.jpg,1.0
AE00343_214033_00_3_4_2001.jpg,1.0
AE00354_174143_00_4_3_2001.jpg,0.0
AE00266_102239_00_2_1_2001.jpg,1.0
AE00449_222257_00_1_3_2001.jpg,0.0
AE00018_185309_00_4_3_2001.jpg,0.0
AE00343_113956_00_2_2_2001.jpg,1.0
AE00395_192319_00_4_1_2001.jpg,0.0
AE00382_210145_00_3_4_2001.jpg,1.0
AE00299_071014_00_2_2_2001.jpg,1.0
AE00472_023822_00_4_2_2001.jpg,1.0
AE00191_121714_00_3_4_2001.jpg,1.0
AE00427_171131_00_1_1_2001.jpg,0.0
AE00385_225735_00_1_2_2001.jpg,1.0
AE00191_034032_00_4_2_2001.jpg,0.0
AE00343_221250_00_2_2_2001.jpg,1.0
AE00352_034246_00_1_2_2001.jpg,1.0
AE00450_161158_00_4_3_2001.jpg,0.0
AE00302_112450_00_1_1_2001.jpg,0.0
AE00182_041707_00_3_3_2001.jpg,1.0
AE00343_103033_00_3_2_2001.jpg,1.0
AE00481_091553_00_1_4_2001.jpg,0.0
AE00478_164526_00_3_1_2001.jpg,0.0
AE00481_134450_00_1_1_2001.jpg,0.0
AE00266_091718_00_2_4_2001.jpg,1.0
AE00354_150534_00_3_3_2001.jpg,1.0
AE00299_205345_00_3_2_2001.jpg,1.0
AE00499_171018_00_4_2_2001.jpg,0.0
AE00370_172608_00_1_1_2001.jpg,0.0
AE00367_021323_00_3_4_2001.jpg,1.0
AE00385_162936_00_1_3_2001.jpg,1.0
AE00182_014202_00_4_1_2001.jpg,0.0
AE00331_225801_00_4_1_2001.jpg,0.0
AE00343_032250_00_2_4_2001.jpg,1.0
AE00343_003207_00_2_2_2001.jpg,1.0
AE00408_195550_00_4_2_2001.jpg,0.0
AE00485_133054_00_4_4_2001.jpg,1.0
AE00248_013535_00_2_1_2001.jpg,1.0
AE00385_160732_00_1_3_2001.jpg,0.0
AE00343_223644_00_2_3_2001.jpg,1.0
AE00500_181952_00_2_1_2001.jpg,1.0
AE00343_011452_00_2_3_2001.jpg,1.0
AE00354_010049_00_3_4_2001.jpg,1.0
AE00018_104853_00_2_4_2001.jpg,1.0
AE00402_124459_00_4_3_2001.jpg,0.0
AE00501_232830_00_1_2_2001.jpg,1.0
AE00248_090857_00_2_2_2001.jpg,1.0
AE00133_112615_00_3_2_2001.jpg,1.0
AE00331_211211_00_2_2_2001.jpg,1.0
AE00346_151704_00_3_4_2001.jpg,1.0
AE00348_071528_00_3_3_2001.jpg,1.0
AE00281_043620_00_2_2_2001.jpg,1.0
AE00302_171303_00_2_1_2001.jpg,1.0
AE00227_130937_00_3_1_2001.jpg,1.0
AE00346_070632_00_3_4_2001.jpg,1.0
AE00551_130730_00_3_4_2001.jpg,0.0
AE00379_234538_00_1_2_2001.jpg,1.0
AE00229_230624_00_3_1_2001.jpg,1.0
AE00266_150554_00_4_3_2001.jpg,0.0
AE00354_124010_00_3_1_2001.jpg,1.0
AE00354_215131_00_3_3_2001.jpg,1.0
AE00227_031739_00_2_2_2001.jpg,1.0
AE00453_180049_00_4_4_2001.jpg,0.0
AE00191_151855_00_2_2_2001.jpg,1.0
AE00072_145326_00_1_1_2001.jpg,0.0
AE00191_005925_00_2_3_2001.jpg,1.0
AE00305_075944_00_3_1_2001.jpg,1.0
AE00299_173416_00_2_4_2001.jpg,1.0
AE00343_202118_00_2_4_2001.jpg,1.0
AE00502_200638_00_4_1_2001.jpg,0.0
AE00411_170920_00_1_1_2001.jpg,0.0
AE00248_235003_00_1_1_2001.jpg,1.0
AE00305_094322_00_3_1_2001.jpg,1.0
AE00367_210218_00_3_1_2001.jpg,1.0
AE00502_190858_00_1_1_2001.jpg,1.0
AE00343_014134_00_2_3_2001.jpg,1.0
AE00352_132843_00_1_1_2001.jpg,1.0
AE00348_045443_00_3_4_2001.jpg,1.0
AE00182_033810_00_3_1_2001.jpg,1.0
AE00022_045626_00_2_4_2001.jpg,1.0
AE00191_160749_00_3_4_2001.jpg,1.0
AE00227_011118_00_3_2_2001.jpg,1.0
AE00352_193513_00_2_4_2001.jpg,1.0
AE00191_042602_00_2_2_2001.jpg,1.0
AE00408_215858_00_4_3_2001.jpg,0.0
AE00305_113636_00_3_1_2001.jpg,1.0
AE00191_220455_00_2_4_2001.jpg,1.0
AE00433_110757_00_4_3_2001.jpg,0.0
AE00279_090742_00_3_2_2001.jpg,1.0
AE00367_034615_00_1_1_2001.jpg,1.0
AE00466_033917_00_3_4_2001.jpg,1.0
AE00504_013257_00_1_1_2001.jpg,0.0
AE00191_001039_00_3_2_2001.jpg,1.0
AE00499_163812_00_1_2_2001.jpg,0.0
AE00462_085329_00_4_1_2001.jpg,1.0
AE00472_155636_00_1_3_2001.jpg,0.0
AE00343_210315_00_2_4_2001.jpg,1.0
AE00348_081431_00_3_3_2001.jpg,1.0
AE00272_131213_00_1_3_2001.jpg,0.0
AE00348_041301_00_3_3_2001.jpg,1.0
AE00227_212425_00_2_4_2001.jpg,1.0
AE00402_134005_00_1_3_2001.jpg,1.0
AE00409_225233_00_4_1_2001.jpg,0.0
AE00018_143729_00_2_2_2001.jpg,1.0
AE00379_113651_00_3_2_2001.jpg,1.0
AE00385_034124_00_3_2_2001.jpg,1.0
AE00354_145506_00_1_3_2001.jpg,0.0
AE00534_155710_00_1_2_2001.jpg,0.0
AE00227_140422_00_3_4_2001.jpg,1.0
AE00402_170954_00_4_1_2001.jpg,0.0
AE00453_161459_00_3_3_2001.jpg,0.0
AE00191_194519_00_2_1_2001.jpg,1.0
AE00018_153335_00_1_2_2001.jpg,1.0
AE00348_011652_00_3_1_2001.jpg,1.0
AE00191_005524_00_2_2_2001.jpg,1.0
AE00382_065718_00_4_2_2001.jpg,1.0
AE00395_222418_00_1_2_2001.jpg,0.0
AE00483_175614_00_3_1_2001.jpg,0.0
AE00385_000840_00_3_2_2001.jpg,1.0
AE00281_021652_00_3_1_2001.jpg,1.0
AE00382_194619_00_3_1_2001.jpg,1.0
AE00305_221003_00_2_4_2001.jpg,1.0
AE00343_005029_00_3_3_2001.jpg,1.0
AE00501_001618_00_1_2_2001.jpg,1.0
AE00396_224737_00_1_1_2001.jpg,0.0
AE00343_234822_00_2_3_2001.jpg,1.0
AE00191_004119_00_3_2_2001.jpg,1.0
AE00343_221524_00_3_3_2001.jpg,1.0
AE00227_044746_00_4_3_2001.jpg,0.0
AE00018_185309_00_1_1_2001.jpg,0.0
AE00331_031628_00_3_3_2001.jpg,1.0
AE00343_173641_00_2_4_2001.jpg,1.0
AE00501_152825_00_1_1_2001.jpg,0.0
AE00248_122503_00_2_1_2001.jpg,1.0
AE00072_223331_00_2_3_2001.jpg,1.0
AE00229_061219_00_2_1_2001.jpg,1.0
AE00456_093816_00_1_1_2001.jpg,0.0
AE00072_232135_00_3_3_2001.jpg,1.0
AE00370_110718_00_1_2_2001.jpg,0.0
AE00348_030755_00_3_2_2001.jpg,1.0
AE00343_144311_00_2_4_2001.jpg,1.0
AE00305_143620_00_4_1_2001.jpg,0.0
AE00191_195153_00_2_2_2001.jpg,1.0
AE00382_014000_00_3_4_2001.jpg,1.0
AE00396_101129_00_4_3_2001.jpg,0.0
AE00343_230154_00_2_4_2001.jpg,1.0
AE00266_194406_00_2_2_2001.jpg,1.0
AE00405_180809_00_1_1_2001.jpg,1.0
AE00483_130306_00_1_2_2001.jpg,0.0
AE00350_145827_00_4_2_2001.jpg,0.0
AE00248_051301_00_2_4_2001.jpg,1.0
AE00281_060253_00_2_4_2001.jpg,1.0
AE00343_211929_00_2_3_2001.jpg,1.0
AE00305_012956_00_2_1_2001.jpg,0.0
AE00191_130153_00_3_2_2001.jpg,1.0
AE00472_002856_00_1_4_2001.jpg,0.0
AE00498_105305_00_4_4_2001.jpg,0.0
AE00385_114327_00_3_1_2001.jpg,1.0
AE00427_104554_00_3_1_2001.jpg,0.0
AE00354_194431_00_3_2_2001.jpg,1.0
AE00481_142930_00_1_2_2001.jpg,1.0
AE00549_074334_00_4_3_2001.jpg,1.0
AE00484_110920_00_3_1_2001.jpg,0.0
AE00072_215338_00_4_3_2001.jpg,0.0
AE00322_085250_00_3_3_2001.jpg,1.0
AE00191_043911_00_3_2_2001.jpg,1.0
AE00472_054849_00_1_3_2001.jpg,1.0
AE00545_163310_00_4_1_2001.jpg,0.0
AE00354_090429_00_3_1_2001.jpg,1.0
AE00191_023722_00_2_2_2001.jpg,1.0
AE00346_025031_00_4_2_2001.jpg,0.0
AE00346_010223_00_1_1_2001.jpg,0.0
AE00354_215408_00_3_2_2001.jpg,1.0
AE00354_073350_00_3_4_2001.jpg,1.0
AE00354_174143_00_4_2_2001.jpg,0.0
AE00409_060606_00_4_1_2001.jpg,1.0
AE00472_004929_00_1_4_2001.jpg,0.0
AE00352_061015_00_1_4_2001.jpg,0.0
AE00072_190012_00_2_1_2001.jpg,1.0
AE00545_190801_00_4_4_2001.jpg,0.0
AE00531_190941_00_4_1_2001.jpg,0.0
AE00476_033407_00_4_2_2001.jpg,0.0
AE00396_182430_00_3_1_2001.jpg,0.0
AE00354_020243_00_4_2_2001.jpg,1.0
AE00367_181221_00_3_2_2001.jpg,1.0
AE00449_232245_00_1_1_2001.jpg,0.0
AE00450_141619_00_3_3_2001.jpg,0.0
AE00249_011845_00_3_4_2001.jpg,1.0
AE00346_095930_00_3_4_2001.jpg,1.0
AE00299_023341_00_3_3_2001.jpg,1.0
AE00191_034338_00_2_1_2001.jpg,1.0
AE00343_170903_00_2_1_2001.jpg,1.0
AE00405_034602_00_4_2_2001.jpg,0.0
AE00227_123301_00_2_4_2001.jpg,1.0
AE00389_034634_00_4_2_2001.jpg,0.0
AE00191_110405_00_3_3_2001.jpg,1.0
AE00547_181938_00_1_1_2001.jpg,0.0
AE00463_191209_00_3_1_2001.jpg,0.0
AE00191_201125_00_2_3_2001.jpg,1.0
AE00352_211324_00_3_4_2001.jpg,1.0
AE00409_055600_00_4_4_2001.jpg,1.0
AE00227_181229_00_2_3_2001.jpg,1.0
AE00405_131306_00_1_3_2001.jpg,1.0
AE00396_182430_00_1_1_2001.jpg,0.0
AE00533_152616_00_4_2_2001.jpg,1.0
AE00346_090101_00_1_2_2001.jpg,1.0
AE00191_000539_00_2_2_2001.jpg,1.0
AE00382_090429_00_1_3_2001.jpg,1.0
AE00449_133059_00_3_4_2001.jpg,1.0
AE00436_133914_00_2_1_2001.jpg,0.0
AE00346_164243_00_3_4_2001.jpg,1.0
AE00500_152552_00_1_3_2001.jpg,0.0
AE00551_184733_00_4_2_2001.jpg,0.0
AE00546_205816_00_1_2_2001.jpg,1.0
AE00281_180756_00_4_3_2001.jpg,0.0
AE00367_014957_00_3_4_2001.jpg,1.0
AE00382_235803_00_3_4_2001.jpg,1.0
AE00182_223307_00_2_4_2001.jpg,1.0
AE00500_080058_00_2_1_2001.jpg,0.0
AE00385_190907_00_4_4_2001.jpg,0.0
AE00405_155455_00_1_1_2001.jpg,0.0
AE00072_211959_00_3_4_2001.jpg,1.0
AE00408_042714_00_4_4_2001.jpg,0.0
AE00191_150714_00_2_4_2001.jpg,0.0
AE00409_101329_00_4_2_2001.jpg,0.0
AE00191_194519_00_2_4_2001.jpg,1.0
AE00483_111258_00_2_4_2001.jpg,0.0
AE00367_101024_00_1_1_2001.jpg,0.0
AE00191_214445_00_2_2_2001.jpg,1.0
AE00191_130153_00_3_1_2001.jpg,1.0
AE00367_101942_00_3_3_2001.jpg,1.0
AE00389_062456_00_4_3_2001.jpg,0.0
AE00497_151517_00_4_1_2001.jpg,0.0
AE00343_213326_00_2_2_2001.jpg,1.0
AE00072_145326_00_1_2_2001.jpg,0.0
AE00389_232320_00_1_2_2001.jpg,1.0
AE00427_183140_00_1_2_2001.jpg,0.0
AE00348_071533_00_3_2_2001.jpg,1.0
AE00466_113207_00_1_2_2001.jpg,1.0
AE00022_092213_00_2_1_2001.jpg,1.0
AE00396_221823_00_1_3_2001.jpg,1.0
AE00450_090450_00_1_2_2001.jpg,0.0
AE00272_131213_00_4_1_2001.jpg,0.0
AE00182_225710_00_2_2_2001.jpg,1.0
AE00191_182004_00_2_4_2001.jpg,0.0
AE00385_001024_00_3_4_2001.jpg,1.0
AE00022_160258_00_2_2_2001.jpg,0.0
AE00481_051053_00_1_4_2001.jpg,0.0
AE00483_060056_00_4_4_2001.jpg,0.0
AE00379_145554_00_3_2_2001.jpg,1.0
AE00405_080625_00_1_1_2001.jpg,0.0
AE00382_151147_00_3_3_2001.jpg,1.0
AE00352_201929_00_3_3_2001.jpg,1.0
AE00227_152617_00_2_3_2001.jpg,1.0
AE00367_101024_00_3_1_2001.jpg,0.0
AE00354_232613_00_3_1_2001.jpg,1.0
AE00227_015317_00_2_3_2001.jpg,1.0
AE00496_114102_00_3_1_2001.jpg,0.0
AE00072_114350_00_3_4_2001.jpg,1.0
AE00549_190404_00_4_2_2001.jpg,0.0
AE00343_052524_00_3_3_2001.jpg,1.0
AE00450_045150_00_2_3_2001.jpg,0.0
AE00382_090429_00_3_3_2001.jpg,1.0
AE00367_160947_00_3_3_2001.jpg,1.0
AE00379_024310_00_3_3_2001.jpg,1.0
AE00405_012309_00_2_1_2001.jpg,0.0
AE00352_011657_00_3_3_2001.jpg,1.0
AE00531_164310_00_1_2_2001.jpg,0.0
AE00072_132533_00_2_2_2001.jpg,1.0
AE00453_054458_00_1_2_2001.jpg,0.0
AE00248_001046_00_4_3_2001.jpg,1.0
AE00352_094324_00_3_4_2001.jpg,1.0
AE00382_105739_00_1_2_2001.jpg,1.0
AE00385_133200_00_1_4_2001.jpg,1.0
AE00396_172859_00_1_2_2001.jpg,0.0
AE00385_134955_00_4_1_2001.jpg,0.0
AE00385_031420_00_3_1_2001.jpg,1.0
AE00354_093912_00_3_3_2001.jpg,1.0
AE00427_150706_00_1_3_2001.jpg,0.0
AE00248_070901_00_3_3_2001.jpg,1.0
AE00343_150331_00_2_2_2001.jpg,1.0
AE00408_221331_00_1_2_2001.jpg,0.0
AE00499_193456_00_1_3_2001.jpg,0.0
AE00191_225423_00_3_2_2001.jpg,1.0
AE00072_224950_00_2_1_2001.jpg,0.0
AE00395_220854_00_1_1_2001.jpg,0.0
AE00497_044028_00_1_4_2001.jpg,1.0
AE00299_204026_00_2_3_2001.jpg,1.0
AE00481_075029_00_3_2_2001.jpg,0.0
AE00227_010120_00_3_3_2001.jpg,1.0
AE00191_121714_00_3_2_2001.jpg,1.0
AE00305_123734_00_2_2_2001.jpg,1.0
AE00354_044512_00_3_2_2001.jpg,0.0
AE00248_172430_00_1_2_2001.jpg,0.0
AE00483_005812_00_1_2_2001.jpg,0.0
AE00248_042711_00_3_3_2001.jpg,1.0
AE00385_041011_00_3_2_2001.jpg,1.0
AE00541_175445_00_4_2_2001.jpg,0.0
AE00402_124459_00_4_2_2001.jpg,0.0
AE00191_220903_00_2_2_2001.jpg,1.0
AE00348_134307_00_3_3_2001.jpg,1.0
AE00402_022907_00_1_1_2001.jpg,0.0
AE00389_034634_00_1_1_2001.jpg,0.0
AE00191_051107_00_2_2_2001.jpg,1.0
AE00549_183513_00_1_2_2001.jpg,0.0
AE00481_014131_00_4_2_2001.jpg,0.0
AE00409_183952_00_4_2_2001.jpg,0.0
AE00281_155016_00_1_1_2001.jpg,0.0
AE00227_095511_00_2_1_2001.jpg,1.0
AE00476_163204_00_1_4_2001.jpg,1.0
AE00305_204956_00_2_3_2001.jpg,1.0
AE00463_191209_00_2_1_2001.jpg,0.0
AE00191_220455_00_2_2_2001.jpg,1.0
AE00534_052200_00_1_1_2001.jpg,1.0
AE00481_142945_00_1_2_2001.jpg,0.0
AE00191_035018_00_2_2_2001.jpg,1.0
AE00367_164940_00_3_4_2001.jpg,1.0
AE00343_085315_00_3_3_2001.jpg,1.0
AE00367_012046_00_3_4_2001.jpg,1.0
AE00453_054458_00_4_2_2001.jpg,0.0
AE00191_073631_00_2_2_2001.jpg,1.0
AE00227_123301_00_3_3_2001.jpg,1.0
AE00481_160358_00_4_3_2001.jpg,0.0
AE00352_114651_00_2_4_2001.jpg,0.0
AE00529_221337_00_1_1_2001.jpg,1.0
AE00498_172119_00_1_3_2001.jpg,1.0
AE00389_170443_00_4_4_2001.jpg,0.0
AE00343_231324_00_3_4_2001.jpg,1.0
AE00483_220702_00_4_2_2001.jpg,0.0
AE00529_191218_00_1_2_2001.jpg,0.0
AE00229_092141_00_2_4_2001.jpg,1.0
AE00531_150557_00_1_4_2001.jpg,1.0
AE00450_045150_00_4_3_2001.jpg,0.0
AE00533_160337_00_1_1_2001.jpg,0.0
AE00466_035552_00_2_1_2001.jpg,0.0
AE00072_213935_00_2_2_2001.jpg,1.0
AE00227_165910_00_2_3_2001.jpg,1.0
AE00191_032406_00_2_2_2001.jpg,1.0
AE00072_202157_00_3_4_2001.jpg,1.0
AE00408_042714_00_4_1_2001.jpg,0.0
AE00305_063118_00_2_4_2001.jpg,1.0
AE00281_001946_00_2_2_2001.jpg,1.0
AE00348_033244_00_3_4_2001.jpg,1.0
AE00497_151517_00_4_3_2001.jpg,0.0
AE00343_085110_00_3_1_2001.jpg,0.0
AE00299_073440_00_2_2_2001.jpg,1.0
AE00343_101203_00_3_4_2001.jpg,1.0
AE00348_153745_00_3_3_2001.jpg,1.0
AE00191_173546_00_3_4_2001.jpg,1.0
AE00322_172940_00_2_3_2001.jpg,1.0
AE00354_142028_00_3_3_2001.jpg,1.0
AE00343_034452_00_4_1_2001.jpg,0.0
AE00227_164814_00_2_2_2001.jpg,1.0
AE00022_003638_00_2_2_2001.jpg,1.0
AE00389_222703_00_4_2_2001.jpg,0.0
AE00343_174726_00_2_3_2001.jpg,1.0
AE00408_080406_00_2_1_2001.jpg,0.0
AE00191_233037_00_2_4_2001.jpg,1.0
AE00472_154305_00_1_2_2001.jpg,0.0
AE00331_014347_00_1_2_2001.jpg,0.0
AE00018_143729_00_3_2_2001.jpg,1.0
AE00248_034942_00_3_3_2001.jpg,1.0
AE00427_033825_00_4_2_2001.jpg,0.0
AE00385_232053_00_3_4_2001.jpg,1.0
AE00191_214445_00_3_1_2001.jpg,1.0
AE00389_184621_00_4_2_2001.jpg,0.0
AE00018_150658_00_2_1_2001.jpg,1.0
AE00348_174553_00_3_3_2001.jpg,1.0
AE00379_170925_00_4_3_2001.jpg,1.0
AE00476_124439_00_4_3_2001.jpg,1.0
AE00409_221900_00_4_2_2001.jpg,0.0
AE00018_160727_00_2_4_2001.jpg,1.0
AE00453_153818_00_1_1_2001.jpg,0.0
AE00527_212027_00_1_4_2001.jpg,1.0
AE00331_175923_00_3_2_2001.jpg,1.0
AE00227_230901_00_1_2_2001.jpg,0.0
AE00348_190022_00_3_4_2001.jpg,1.0
AE00191_073422_00_2_2_2001.jpg,1.0
AE00405_185816_00_4_3_2001.jpg,0.0
AE00367_161759_00_3_4_2001.jpg,1.0
AE00191_114354_00_2_2_2001.jpg,1.0
AE00299_201514_00_2_3_2001.jpg,1.0
AE00182_093650_00_2_1_2001.jpg,1.0
AE00305_121820_00_2_2_2001.jpg,1.0
AE00238_043700_00_2_4_2001.jpg,1.0
AE00227_225641_00_3_2_2001.jpg,1.0
AE00481_174439_00_1_4_2001.jpg,1.0
AE00248_202200_00_2_4_2001.jpg,1.0
AE00229_071433_00_3_4_2001.jpg,1.0
AE00354_145506_00_1_1_2001.jpg,0.0
AE00281_223017_00_2_2_2001.jpg,1.0
AE00432_132053_00_4_2_2001.jpg,1.0
AE00346_160326_00_4_1_2001.jpg,0.0
AE00379_171246_00_3_1_2001.jpg,1.0
AE00352_220854_00_3_2_2001.jpg,1.0
AE00191_041632_00_3_3_2001.jpg,1.0
AE00500_234059_00_4_3_2001.jpg,0.0
AE00022_051800_00_2_4_2001.jpg,1.0
AE00182_003327_00_3_2_2001.jpg,1.0
AE00191_105235_00_2_2_2001.jpg,1.0
AE00453_172759_00_1_3_2001.jpg,0.0
AE00022_142229_00_2_4_2001.jpg,1.0
AE00248_094915_00_2_1_2001.jpg,1.0
AE00191_014027_00_2_1_2001.jpg,1.0
AE00367_072320_00_3_2_2001.jpg,1.0
AE00472_043959_00_4_4_2001.jpg,0.0
AE00427_051619_00_3_1_2001.jpg,0.0
AE00191_041900_00_3_1_2001.jpg,1.0
AE00227_101837_00_3_4_2001.jpg,1.0
AE00346_051238_00_3_4_2001.jpg,1.0
AE00382_041253_00_3_2_2001.jpg,1.0
AE00191_030645_00_2_3_2001.jpg,1.0
AE00022_230921_00_4_3_2001.jpg,0.0
AE00343_041632_00_3_2_2001.jpg,1.0
AE00472_191518_00_4_2_2001.jpg,0.0
AE00472_172053_00_1_2_2001.jpg,1.0
AE00427_051555_00_3_1_2001.jpg,0.0
AE00385_232616_00_1_3_2001.jpg,1.0
AE00409_131523_00_4_2_2001.jpg,0.0
AE00182_201700_00_3_1_2001.jpg,1.0
AE00385_124628_00_3_4_2001.jpg,1.0
AE00305_222411_00_2_2_2001.jpg,1.0
AE00408_053813_00_3_4_2001.jpg,0.0
AE00483_162009_00_1_3_2001.jpg,0.0
AE00248_011618_00_3_1_2001.jpg,1.0
AE00534_051431_00_2_4_2001.jpg,0.0
AE00248_224129_00_1_1_2001.jpg,0.0
AE00299_213607_00_2_3_2001.jpg,1.0
AE00449_123420_00_3_4_2001.jpg,0.0
AE00305_050145_00_3_3_2001.jpg,1.0
AE00409_225233_00_1_1_2001.jpg,0.0
AE00331_014413_00_2_4_2001.jpg,1.0
AE00299_041514_00_4_3_2001.jpg,0.0
AE00359_074429_00_3_1_2001.jpg,0.0
AE00343_205516_00_3_2_2001.jpg,1.0
AE00305_005019_00_2_4_2001.jpg,1.0
AE00382_153254_00_1_2_2001.jpg,0.0
AE00352_155204_00_3_4_2001.jpg,1.0
AE00533_191703_00_1_2_2001.jpg,0.0
AE00367_223031_00_3_1_2001.jpg,1.0
AE00367_171157_00_4_2_2001.jpg,0.0
AE00227_084721_00_2_4_2001.jpg,1.0
AE00402_103219_00_4_1_2001.jpg,0.0
AE00481_215632_00_1_1_2001.jpg,0.0
AE00018_233445_00_2_2_2001.jpg,1.0
AE00385_010408_00_3_1_2001.jpg,1.0
AE00389_184621_00_4_3_2001.jpg,0.0
AE00367_053338_00_3_1_2001.jpg,1.0
AE00432_090724_00_1_1_2001.jpg,0.0
AE00547_035049_00_1_1_2001.jpg,1.0
AE00427_190321_00_4_2_2001.jpg,0.0
AE00343_110456_00_2_4_2001.jpg,1.0
AE00331_161156_00_2_2_2001.jpg,1.0
AE00299_025357_00_4_1_2001.jpg,1.0
AE00354_081707_00_3_2_2001.jpg,1.0
AE00227_225641_00_2_2_2001.jpg,1.0
AE00350_150641_00_1_1_2001.jpg,0.0
AE00354_080554_00_3_2_2001.jpg,1.0
AE00348_194259_00_4_1_2001.jpg,1.0
AE00227_220640_00_2_3_2001.jpg,1.0
AE00409_094806_00_1_3_2001.jpg,1.0
AE00481_193126_00_4_1_2001.jpg,1.0
AE00554_163804_00_4_3_2001.jpg,0.0
AE00427_003115_00_4_4_2001.jpg,1.0
AE00379_063329_00_3_1_2001.jpg,1.0
AE00379_011731_00_3_3_2001.jpg,1.0
AE00436_083356_00_1_4_2001.jpg,1.0
AE00322_162620_00_2_3_2001.jpg,1.0
AE00182_044030_00_2_2_2001.jpg,1.0
AE00405_030454_00_4_2_2001.jpg,0.0
AE00191_042602_00_3_3_2001.jpg,1.0
AE00369_103807_00_2_2_2001.jpg,0.0
AE00352_114709_00_3_3_2001.jpg,1.0
AE00500_080058_00_1_1_2001.jpg,0.0
AE00348_170947_00_4_3_2001.jpg,0.0
AE00191_181235_00_3_4_2001.jpg,1.0
AE00549_165307_00_1_3_2001.jpg,0.0
AE00018_094251_00_2_1_2001.jpg,1.0
AE00385_171011_00_1_2_2001.jpg,1.0
AE00382_155907_00_3_2_2001.jpg,1.0
AE00343_222551_00_1_2_2001.jpg,0.0
AE00547_210305_00_1_2_2001.jpg,1.0
AE00072_043807_00_2_4_2001.jpg,1.0
AE00354_221827_00_1_1_2001.jpg,0.0
AE00529_200851_00_4_3_2001.jpg,0.0
AE00382_041714_00_1_3_2001.jpg,0.0
AE00132_094818_00_4_3_2001.jpg,0.0
AE00409_212904_00_1_1_2001.jpg,0.0
AE00022_152339_00_4_4_2001.jpg,0.0
AE00427_130944_00_2_1_2001.jpg,0.0
AE00305_032041_00_2_1_2001.jpg,1.0
AE00396_025203_00_1_2_2001.jpg,0.0
AE00476_130535_00_4_1_2001.jpg,1.0
AE00499_224526_00_4_2_2001.jpg,0.0
AE00343_161350_00_1_2_2001.jpg,0.0
AE00191_013009_00_3_2_2001.jpg,1.0
AE00450_141619_00_1_3_2001.jpg,0.0
AE00072_222107_00_2_2_2001.jpg,1.0
AE00072_145326_00_3_3_2001.jpg,0.0
AE00502_065351_00_4_1_2001.jpg,0.0
AE00191_102554_00_2_2_2001.jpg,1.0
AE00546_162345_00_4_2_2001.jpg,0.0
AE00299_003136_00_2_4_2001.jpg,1.0
AE00266_014000_00_2_2_2001.jpg,1.0
AE00072_224950_00_3_3_2001.jpg,1.0
AE00227_053957_00_2_1_2001.jpg,0.0
AE00266_055726_00_2_4_2001.jpg,0.0
AE00299_121320_00_4_1_2001.jpg,1.0
AE00182_105659_00_2_4_2001.jpg,1.0
AE00395_050410_00_1_1_2001.jpg,0.0
AE00481_172843_00_1_2_2001.jpg,1.0
AE00191_002848_00_3_1_2001.jpg,1.0
AE00227_142332_00_1_1_2001.jpg,1.0
AE00367_044009_00_3_4_2001.jpg,0.0
AE00385_200538_00_3_4_2001.jpg,1.0
AE00450_183943_00_1_3_2001.jpg,0.0
AE00352_163711_00_1_2_2001.jpg,0.0
AE00305_181902_00_4_4_2001.jpg,0.0
AE00352_122938_00_3_3_2001.jpg,1.0
AE00367_044009_00_3_3_2001.jpg,1.0
AE00343_090821_00_2_2_2001.jpg,1.0
AE00352_160810_00_1_1_2001.jpg,0.0
AE00531_201340_00_4_1_2001.jpg,1.0
AE00382_181319_00_3_4_2001.jpg,1.0
AE00550_172657_00_1_4_2001.jpg,0.0
AE00191_075445_00_3_2_2001.jpg,1.0
AE00411_223043_00_1_2_2001.jpg,1.0
AE00453_033512_00_4_1_2001.jpg,0.0
AE00343_174726_00_2_1_2001.jpg,1.0
AE00367_185304_00_4_1_2001.jpg,0.0
AE00348_153745_00_4_3_2001.jpg,0.0
AE00281_180756_00_2_1_2001.jpg,1.0
AE00343_050247_00_2_3_2001.jpg,1.0
AE00354_151414_00_1_1_2001.jpg,0.0
AE00436_163109_00_4_3_2001.jpg,1.0
AE00427_084116_00_3_1_2001.jpg,0.0
AE00191_041900_00_2_1_2001.jpg,1.0
AE00389_102249_00_2_1_2001.jpg,0.0
AE00227_234611_00_3_2_2001.jpg,1.0
AE00402_225051_00_2_4_2001.jpg,0.0
AE00370_092616_00_3_1_2001.jpg,1.0
AE00346_205656_00_3_4_2001.jpg,1.0
AE00476_041137_00_4_1_2001.jpg,0.0
AE00498_225220_00_4_3_2001.jpg,0.0
AE00346_054314_00_3_1_2001.jpg,1.0
AE00499_103815_00_2_4_2001.jpg,1.0
AE00343_060022_00_2_4_2001.jpg,0.0
AE00529_165949_00_4_2_2001.jpg,0.0
AE00227_033318_00_2_1_2001.jpg,1.0
AE00305_062113_00_2_4_2001.jpg,1.0
AE00191_032233_00_1_1_2001.jpg,0.0
AE00191_221904_00_3_2_2001.jpg,1.0
AE00343_000650_00_2_3_2001.jpg,1.0
AE00354_081143_00_3_1_2001.jpg,1.0
AE00343_163947_00_1_2_2001.jpg,0.0
AE00402_041121_00_4_4_2001.jpg,0.0
AE00354_173710_00_3_3_2001.jpg,1.0
AE00343_054532_00_2_2_2001.jpg,0.0
AE00534_054441_00_2_4_2001.jpg,0.0
AE00554_234614_00_1_3_2001.jpg,1.0
AE00408_030619_00_1_1_2001.jpg,0.0
AE00499_153525_00_2_1_2001.jpg,0.0
AE00191_052550_00_3_2_2001.jpg,1.0
AE00343_225645_00_3_3_2001.jpg,1.0
AE00281_004559_00_2_1_2001.jpg,1.0
AE00343_205250_00_2_4_2001.jpg,1.0
AE00343_194437_00_2_4_2001.jpg,1.0
AE00408_155859_00_1_1_2001.jpg,0.0
AE00331_014347_00_2_2_2001.jpg,0.0
AE00409_030750_00_4_4_2001.jpg,0.0
AE00385_223003_00_1_2_2001.jpg,1.0
AE00396_104417_00_4_2_2001.jpg,0.0
AE00343_012159_00_2_2_2001.jpg,1.0
AE00483_082219_00_2_2_2001.jpg,0.0
AE00385_065143_00_1_2_2001.jpg,1.0
AE00305_135055_00_1_3_2001.jpg,1.0
AE00450_033724_00_1_1_2001.jpg,0.0
AE00346_102241_00_3_2_2001.jpg,1.0
AE00227_223432_00_2_3_2001.jpg,1.0
AE00281_155016_00_2_1_2001.jpg,1.0
AE00191_015619_00_2_2_2001.jpg,1.0
AE00534_191946_00_2_4_2001.jpg,0.0
AE00191_163840_00_2_4_2001.jpg,0.0
AE00427_144843_00_4_2_2001.jpg,0.0
AE00436_094258_00_1_1_2001.jpg,0.0
AE00472_050136_00_3_2_2001.jpg,0.0
AE00191_054910_00_2_1_2001.jpg,0.0
AE00018_143729_00_2_1_2001.jpg,1.0
AE00385_003929_00_3_3_2001.jpg,1.0
AE00227_140422_00_3_2_2001.jpg,1.0
AE00343_033811_00_3_2_2001.jpg,1.0
AE00472_121215_00_4_3_2001.jpg,1.0
AE00191_092733_00_2_2_2001.jpg,1.0
AE00385_014329_00_3_3_2001.jpg,1.0
AE00072_043807_00_2_1_2001.jpg,1.0
AE00502_060122_00_4_4_2001.jpg,0.0
AE00072_144630_00_2_3_2001.jpg,1.0
AE00022_043557_00_3_2_2001.jpg,1.0
AE00191_203028_00_3_2_2001.jpg,1.0
AE00485_144255_00_4_2_2001.jpg,0.0
AE00405_010632_00_1_3_2001.jpg,1.0
AE00547_181938_00_3_1_2001.jpg,0.0
AE00346_232431_00_3_4_2001.jpg,1.0
AE00350_125341_00_3_1_2001.jpg,0.0
AE00305_013151_00_3_2_2001.jpg,1.0
AE00449_145540_00_4_3_2001.jpg,0.0
AE00379_231222_00_3_2_2001.jpg,1.0
AE00492_224624_00_3_1_2001.jpg,0.0
AE00466_185708_00_4_3_2001.jpg,1.0
AE00233_045727_00_2_1_2001.jpg,1.0
AE00367_143612_00_3_1_2001.jpg,1.0
AE00352_023738_00_3_4_2001.jpg,1.0
AE00343_155435_00_3_1_2001.jpg,1.0
AE00346_124416_00_4_1_2001.jpg,0.0
AE00191_034338_00_3_4_2001.jpg,1.0
AE00191_101104_00_1_2_2001.jpg,1.0
AE00182_023321_00_3_4_2001.jpg,1.0
AE00534_155710_00_1_1_2001.jpg,0.0
AE00072_151857_00_2_2_2001.jpg,1.0
AE00352_002748_00_3_2_2001.jpg,1.0
AE00395_020454_00_1_2_2001.jpg,0.0
AE00191_034338_00_3_3_2001.jpg,1.0
AE00343_003207_00_3_4_2001.jpg,1.0
AE00385_201302_00_4_3_2001.jpg,0.0
AE00472_152441_00_1_3_2001.jpg,1.0
AE00385_042817_00_2_4_2001.jpg,0.0
AE00305_152059_00_3_4_2001.jpg,0.0
AE00483_191857_00_1_2_2001.jpg,0.0
AE00501_160241_00_4_4_2001.jpg,0.0
AE00182_220628_00_1_3_2001.jpg,0.0
AE00385_201302_00_4_1_2001.jpg,0.0
AE00191_163134_00_4_3_2001.jpg,0.0
AE00367_171722_00_1_3_2001.jpg,1.0
AE00022_075658_00_2_1_2001.jpg,1.0
AE00343_135448_00_2_4_2001.jpg,1.0
AE00233_052516_00_3_3_2001.jpg,1.0
AE00343_015114_00_2_4_2001.jpg,1.0
AE00396_135438_00_4_3_2001.jpg,0.0
AE00436_190654_00_4_2_2001.jpg,0.0
AE00534_101033_00_1_1_2001.jpg,1.0
AE00354_080554_00_3_1_2001.jpg,1.0
AE00385_032247_00_3_3_2001.jpg,1.0
AE00385_173155_00_2_2_2001.jpg,0.0
AE00133_112615_00_3_3_2001.jpg,1.0
AE00427_104554_00_1_1_2001.jpg,0.0
AE00553_203457_00_4_1_2001.jpg,0.0
AE00379_183200_00_3_3_2001.jpg,1.0
AE00191_204505_00_3_1_2001.jpg,1.0
AE00022_112544_00_2_4_2001.jpg,1.0
AE00389_062456_00_1_2_2001.jpg,0.0
AE00348_152249_00_1_2_2001.jpg,0.0
AE00367_071124_00_1_2_2001.jpg,1.0
AE00547_182720_00_1_4_2001.jpg,1.0
AE00436_080734_00_2_4_2001.jpg,0.0
AE00227_210909_00_2_2_2001.jpg,1.0
AE00354_034224_00_4_1_2001.jpg,0.0
AE00547_073121_00_2_1_2001.jpg,0.0
AE00501_190323_00_4_3_2001.jpg,0.0
AE00472_160543_00_1_4_2001.jpg,0.0
AE00281_114706_00_2_2_2001.jpg,1.0
AE00382_100032_00_3_2_2001.jpg,1.0
AE00385_094950_00_3_1_2001.jpg,1.0
AE00343_022349_00_4_1_2001.jpg,0.0
AE00331_094656_00_3_4_2001.jpg,1.0
AE00072_121445_00_2_1_2001.jpg,1.0
AE00453_031045_00_1_3_2001.jpg,0.0
AE00229_224004_00_4_1_2001.jpg,0.0
AE00450_160450_00_1_2_2001.jpg,1.0
AE00476_225329_00_4_3_2001.jpg,0.0
AE00191_172007_00_3_1_2001.jpg,1.0
AE00305_212809_00_3_2_2001.jpg,1.0
AE00305_181902_00_2_4_2001.jpg,0.0
AE00354_212353_00_4_2_2001.jpg,0.0
AE00483_232052_00_3_3_2001.jpg,0.0
AE00483_150227_00_3_1_2001.jpg,0.0
AE00191_042602_00_3_2_2001.jpg,1.0
AE00248_094359_00_2_3_2001.jpg,1.0
AE00191_034032_00_4_1_2001.jpg,0.0
AE00379_034943_00_3_4_2001.jpg,1.0
AE00354_124010_00_3_4_2001.jpg,1.0
AE00379_023627_00_3_1_2001.jpg,0.0
AE00141_133624_00_2_4_2001.jpg,0.0
AE00191_182004_00_2_2_2001.jpg,0.0
AE00227_120825_00_2_1_2001.jpg,1.0
AE00018_022802_00_1_1_2001.jpg,0.0
AE00346_233308_00_3_3_2001.jpg,1.0
AE00343_194700_00_2_4_2001.jpg,1.0
AE00227_070139_00_2_4_2001.jpg,1.0
AE00352_211324_00_3_1_2001.jpg,1.0
AE00382_034024_00_3_3_2001.jpg,1.0
AE00466_160416_00_1_3_2001.jpg,1.0
AE00499_171018_00_4_1_2001.jpg,0.0
AE00367_045508_00_4_2_2001.jpg,0.0
AE00331_001112_00_2_2_2001.jpg,1.0
AE00343_145355_00_4_3_2001.jpg,0.0
AE00545_090559_00_2_4_2001.jpg,1.0
AE00530_024353_00_1_2_2001.jpg,1.0
AE00550_161900_00_1_1_2001.jpg,0.0
AE00346_192557_00_3_1_2001.jpg,0.0
AE00227_005547_00_2_3_2001.jpg,1.0
AE00402_103219_00_4_2_2001.jpg,0.0
AE00343_165434_00_2_3_2001.jpg,1.0
AE00254_070930_00_2_1_2001.jpg,1.0
AE00343_212252_00_2_3_2001.jpg,1.0
AE00346_062746_00_4_2_2001.jpg,0.0
AE00227_194002_00_2_1_2001.jpg,1.0
AE00299_182045_00_3_2_2001.jpg,1.0
AE00227_061744_00_2_2_2001.jpg,1.0
AE00449_222257_00_4_2_2001.jpg,0.0
AE00547_222307_00_1_2_2001.jpg,0.0
AE00385_094907_00_4_2_2001.jpg,1.0
AE00229_050258_00_2_2_2001.jpg,1.0
AE00382_210145_00_3_1_2001.jpg,1.0
AE00272_170351_00_2_1_2001.jpg,1.0
AE00343_063002_00_4_4_2001.jpg,0.0
AE00411_171524_00_1_2_2001.jpg,0.0
AE00389_102249_00_3_1_2001.jpg,0.0
AE00309_074652_00_2_3_2001.jpg,1.0
AE00546_002210_00_1_3_2001.jpg,1.0
AE00352_094747_00_4_2_2001.jpg,0.0
AE00481_044444_00_4_3_2001.jpg,0.0
AE00483_162009_00_4_3_2001.jpg,0.0
AE00449_181704_00_4_3_2001.jpg,0.0
AE00385_154451_00_4_3_2001.jpg,0.0
AE00346_063649_00_3_2_2001.jpg,1.0
AE00343_012507_00_3_4_2001.jpg,1.0
AE00022_163539_00_1_1_2001.jpg,0.0
AE00427_114744_00_3_1_2001.jpg,0.0
AE00408_232129_00_4_1_2001.jpg,0.0
AE00385_210841_00_1_2_2001.jpg,0.0
AE00182_023321_00_2_2_2001.jpg,1.0
AE00497_225115_00_1_3_2001.jpg,1.0
AE00354_092546_00_3_2_2001.jpg,1.0
AE00343_024616_00_2_2_2001.jpg,1.0
AE00500_233110_00_1_1_2001.jpg,0.0
AE00305_221003_00_3_4_2001.jpg,1.0
AE00379_023341_00_3_4_2001.jpg,1.0
AE00427_220806_00_3_1_2001.jpg,0.0
AE00229_041229_00_2_4_2001.jpg,1.0
AE00466_013823_00_4_2_2001.jpg,0.0
AE00305_000057_00_2_2_2001.jpg,1.0
AE00409_114238_00_3_1_2001.jpg,0.0
AE00367_164548_00_3_4_2001.jpg,1.0
AE00485_083915_00_1_3_2001.jpg,0.0
AE00379_124343_00_1_3_2001.jpg,0.0
AE00191_000448_00_2_1_2001.jpg,1.0
AE00354_132625_00_3_2_2001.jpg,1.0
AE00476_060018_00_1_3_2001.jpg,1.0
AE00182_151234_00_2_3_2001.jpg,1.0
AE00500_193036_00_1_2_2001.jpg,0.0
AE00352_192930_00_1_1_2001.jpg,0.0
AE00281_005009_00_2_2_2001.jpg,1.0
AE00544_133726_00_4_4_2001.jpg,1.0
AE00367_185723_00_4_4_2001.jpg,0.0
AE00343_140529_00_2_1_2001.jpg,1.0
AE00305_130516_00_3_3_2001.jpg,1.0
AE00385_180409_00_3_4_2001.jpg,1.0
AE00305_050145_00_2_1_2001.jpg,1.0
AE00191_105820_00_2_1_2001.jpg,1.0
AE00305_183752_00_4_2_2001.jpg,1.0
AE00411_043638_00_1_2_2001.jpg,0.0
AE00191_103659_00_2_4_2001.jpg,1.0
AE00266_093240_00_2_1_2001.jpg,1.0
AE00343_125900_00_2_3_2001.jpg,1.0
AE00533_033624_00_1_2_2001.jpg,1.0
AE00266_153832_00_4_4_2001.jpg,0.0
AE00343_234258_00_1_2_2001.jpg,0.0
AE00411_063140_00_2_2_2001.jpg,0.0
AE00466_060238_00_2_1_2001.jpg,0.0
AE00227_145450_00_2_2_2001.jpg,1.0
AE00305_024621_00_2_2_2001.jpg,1.0
AE00182_220628_00_3_1_2001.jpg,1.0
AE00548_075159_00_1_2_2001.jpg,1.0
AE00409_053038_00_2_1_2001.jpg,0.0
AE00191_085713_00_3_1_2001.jpg,1.0
AE00379_163611_00_1_2_2001.jpg,0.0
AE00343_010938_00_2_1_2001.jpg,1.0
AE00483_232052_00_1_3_2001.jpg,0.0
AE00405_185816_00_4_4_2001.jpg,0.0
AE00405_022505_00_1_2_2001.jpg,1.0
AE00481_163534_00_4_2_2001.jpg,1.0
AE00072_131041_00_2_2_2001.jpg,1.0
AE00476_162359_00_4_3_2001.jpg,0.0
AE00348_234019_00_4_1_2001.jpg,0.0
AE00343_230319_00_2_1_2001.jpg,1.0
AE00277_123906_00_2_1_2001.jpg,1.0
AE00481_034300_00_4_1_2001.jpg,0.0
AE00476_161542_00_1_1_2001.jpg,1.0
AE00348_170119_00_1_4_2001.jpg,0.0
AE00343_231900_00_2_1_2001.jpg,1.0
AE00476_004911_00_1_4_2001.jpg,1.0
AE00408_162901_00_1_2_2001.jpg,1.0
AE00018_000155_00_2_4_2001.jpg,1.0
AE00389_052133_00_1_2_2001.jpg,1.0
AE00500_152552_00_4_3_2001.jpg,0.0
AE00382_143650_00_3_2_2001.jpg,1.0
AE00436_175218_00_4_3_2001.jpg,1.0
AE00352_041147_00_3_1_2001.jpg,1.0
AE00305_100100_00_2_3_2001.jpg,1.0
AE00483_025100_00_1_2_2001.jpg,0.0
AE00346_062746_00_4_3_2001.jpg,0.0
AE00072_162431_00_2_1_2001.jpg,1.0
AE00379_145124_00_4_4_2001.jpg,0.0
AE00191_140324_00_2_3_2001.jpg,0.0
AE00305_151825_00_2_1_2001.jpg,1.0
AE00382_031325_00_1_1_2001.jpg,0.0
AE00309_083542_00_2_3_2001.jpg,1.0
AE00227_152433_00_2_2_2001.jpg,1.0
AE00382_225006_00_1_1_2001.jpg,0.0
AE00550_164356_00_1_3_2001.jpg,0.0
AE00379_010059_00_3_3_2001.jpg,0.0
AE00370_165452_00_1_2_2001.jpg,1.0
AE00348_090659_00_3_4_2001.jpg,1.0
AE00354_152302_00_3_1_2001.jpg,1.0
AE00325_205049_00_2_2_2001.jpg,1.0
AE00367_230144_00_1_1_2001.jpg,0.0
AE00346_194048_00_3_3_2001.jpg,1.0
AE00382_102031_00_1_2_2001.jpg,1.0
AE00389_191139_00_4_2_2001.jpg,0.0
AE00427_193802_00_1_2_2001.jpg,0.0
AE00476_022812_00_4_1_2001.jpg,1.0
AE00227_155202_00_1_2_2001.jpg,0.0
AE00352_060503_00_3_3_2001.jpg,1.0
AE00354_064515_00_3_2_2001.jpg,0.0
AE00408_224615_00_4_3_2001.jpg,0.0
AE00348_062004_00_3_3_2001.jpg,1.0
AE00483_155257_00_3_1_2001.jpg,0.0
AE00483_130306_00_4_2_2001.jpg,0.0
AE00408_045541_00_1_3_2001.jpg,1.0
AE00182_172534_00_2_2_2001.jpg,1.0
AE00385_160751_00_3_3_2001.jpg,1.0
AE00018_023038_00_1_2_2001.jpg,1.0
AE00191_141952_00_4_2_2001.jpg,1.0
AE00281_062259_00_2_4_2001.jpg,1.0
AE00191_042037_00_1_2_2001.jpg,0.0
AE00385_190907_00_1_3_2001.jpg,0.0
AE00191_075445_00_2_1_2001.jpg,1.0
AE00453_101349_00_4_1_2001.jpg,1.0
AE00385_111639_00_3_2_2001.jpg,1.0
AE00472_050136_00_1_1_2001.jpg,0.0
AE00395_163829_00_1_3_2001.jpg,0.0
AE00072_204704_00_2_3_2001.jpg,1.0
AE00229_013259_00_3_3_2001.jpg,1.0
AE00305_030717_00_3_3_2001.jpg,0.0
AE00182_221052_00_2_1_2001.jpg,1.0
AE00385_111639_00_3_1_2001.jpg,1.0
AE00385_191354_00_4_1_2001.jpg,0.0
AE00551_172840_00_1_3_2001.jpg,1.0
AE00299_235546_00_2_4_2001.jpg,1.0
AE00436_133914_00_4_1_2001.jpg,0.0
AE00343_222551_00_2_2_2001.jpg,0.0
AE00370_205009_00_3_3_2001.jpg,1.0
AE00191_140105_00_2_3_2001.jpg,1.0
AE00191_034338_00_2_3_2001.jpg,1.0
AE00389_155826_00_1_4_2001.jpg,1.0
AE00483_110126_00_4_1_2001.jpg,1.0
AE00483_180044_00_4_2_2001.jpg,0.0
AE00479_101716_00_1_1_2001.jpg,0.0
AE00500_222559_00_1_1_2001.jpg,0.0
AE00545_163739_00_4_4_2001.jpg,1.0
AE00305_151825_00_1_3_2001.jpg,1.0
AE00483_074508_00_1_1_2001.jpg,0.0
AE00331_060110_00_4_1_2001.jpg,0.0
AE00227_041538_00_2_4_2001.jpg,1.0
AE00346_233308_00_3_1_2001.jpg,1.0
AE00346_131206_00_4_2_2001.jpg,0.0
AE00191_181235_00_1_2_2001.jpg,0.0
AE00343_155435_00_3_3_2001.jpg,1.0
AE00182_213140_00_4_2_2001.jpg,0.0
AE00379_203318_00_3_1_2001.jpg,1.0
AE00227_100624_00_2_1_2001.jpg,1.0
AE00408_081825_00_4_3_2001.jpg,0.0
AE00346_145749_00_3_3_2001.jpg,1.0
AE00453_162752_00_3_3_2001.jpg,0.0
AE00402_111551_00_1_3_2001.jpg,1.0
AE00191_155930_00_2_4_2001.jpg,1.0
AE00331_001112_00_2_3_2001.jpg,1.0
AE00022_094107_00_2_1_2001.jpg,1.0
AE00409_221900_00_1_1_2001.jpg,0.0
AE00305_022257_00_2_2_2001.jpg,0.0
AE00191_012045_00_1_1_2001.jpg,1.0
AE00427_203111_00_4_3_2001.jpg,1.0
AE00305_050145_00_3_1_2001.jpg,1.0
AE00302_112450_00_2_1_2001.jpg,0.0
AE00346_034104_00_3_1_2001.jpg,1.0
AE00427_131249_00_1_3_2001.jpg,0.0
AE00481_113944_00_1_1_2001.jpg,0.0
AE00352_100719_00_3_3_2001.jpg,1.0
AE00382_152533_00_3_3_2001.jpg,1.0
AE00182_101709_00_3_3_2001.jpg,1.0
AE00227_095511_00_1_2_2001.jpg,0.0
AE00427_061959_00_1_2_2001.jpg,0.0
AE00502_062748_00_4_3_2001.jpg,0.0
AE00229_124220_00_2_3_2001.jpg,1.0
AE00182_061606_00_3_1_2001.jpg,1.0
AE00227_061023_00_2_4_2001.jpg,1.0
AE00385_230125_00_3_2_2001.jpg,1.0
AE00462_164926_01_4_3_2001.jpg,1.0
AE00018_030248_00_1_2_2001.jpg,1.0
AE00343_102037_00_2_4_2001.jpg,1.0
AE00191_000448_00_2_4_2001.jpg,1.0
AE00018_094251_00_2_3_2001.jpg,1.0
AE00229_054527_00_2_1_2001.jpg,1.0
AE00432_130549_00_4_3_2001.jpg,0.0
AE00348_202504_00_4_1_2001.jpg,0.0
AE00552_134937_00_1_2_2001.jpg,1.0
AE00182_142159_00_2_1_2001.jpg,1.0
AE00229_135201_00_2_4_2001.jpg,1.0
AE00343_054627_00_3_3_2001.jpg,1.0
AE00352_141254_00_3_4_2001.jpg,1.0
AE00354_171928_00_3_2_2001.jpg,1.0
AE00225_174250_00_4_1_2001.jpg,0.0
AE00499_190658_00_2_2_2001.jpg,1.0
AE00450_144552_00_1_2_2001.jpg,0.0
AE00382_101944_00_3_1_2001.jpg,1.0
AE00382_020806_00_1_2_2001.jpg,0.0
AE00367_114539_00_3_1_2001.jpg,1.0
AE00354_111413_00_3_1_2001.jpg,1.0
AE00072_000926_00_2_4_2001.jpg,1.0
AE00352_220302_00_3_1_2001.jpg,1.0
AE00547_170908_00_1_2_2001.jpg,0.0
AE00343_172918_00_2_1_2001.jpg,1.0
AE00547_183746_00_2_4_2001.jpg,0.0
AE00354_192118_00_4_2_2001.jpg,0.0
AE00409_183952_00_1_4_2001.jpg,0.0
AE00367_125402_00_3_4_2001.jpg,1.0
AE00409_192303_00_1_2_2001.jpg,0.0
AE00499_221239_00_1_1_2001.jpg,1.0
AE00449_220735_00_1_2_2001.jpg,0.0
AE00305_084206_00_3_4_2001.jpg,1.0
AE00402_164320_00_1_4_2001.jpg,0.0
AE00402_061254_00_1_2_2001.jpg,1.0
AE00343_142122_00_3_4_2001.jpg,1.0
AE00299_234157_00_3_3_2001.jpg,1.0
AE00191_220502_00_3_2_2001.jpg,1.0
AE00354_173814_00_3_4_2001.jpg,1.0
AE00389_231828_00_1_3_2001.jpg,0.0
AE00402_171511_00_1_2_2001.jpg,0.0
AE00229_041229_00_2_3_2001.jpg,1.0
AE00499_161040_00_4_3_2001.jpg,0.0
AE00405_155455_00_1_4_2001.jpg,0.0
AE00346_145652_00_3_1_2001.jpg,1.0
AE00476_192735_00_4_2_2001.jpg,0.0
AE00354_113418_00_3_3_2001.jpg,1.0
AE00405_030454_00_1_1_2001.jpg,0.0
AE00367_101024_00_2_1_2001.jpg,0.0
AE00227_011846_00_2_1_2001.jpg,1.0
AE00483_054947_00_1_4_2001.jpg,1.0
AE00389_073013_00_1_2_2001.jpg,1.0
AE00227_210047_00_3_3_2001.jpg,1.0
AE00440_052607_00_4_4_2001.jpg,0.0
AE00305_024621_00_4_4_2001.jpg,0.0
AE00348_190022_00_3_3_2001.jpg,1.0
AE00389_023615_00_4_3_2001.jpg,1.0
AE00472_030923_00_4_1_2001.jpg,0.0
AE00354_032219_00_4_1_2001.jpg,0.0
AE00238_040739_00_3_3_2001.jpg,0.0
AE00191_161529_00_2_2_2001.jpg,1.0
AE00132_094818_00_3_3_2001.jpg,1.0
AE00405_054018_00_4_2_2001.jpg,1.0
AE00389_204248_00_4_2_2001.jpg,1.0
AE00191_000312_00_2_1_2001.jpg,1.0
AE00343_062019_00_2_4_2001.jpg,1.0
AE00072_025217_00_1_1_2001.jpg,0.0
AE00331_234027_00_2_1_2001.jpg,1.0
AE00409_182229_00_1_1_2001.jpg,1.0
AE00405_030454_00_1_3_2001.jpg,0.0
AE00343_151620_00_2_3_2001.jpg,1.0
AE00305_230222_00_2_1_2001.jpg,0.0
AE00227_080445_00_3_1_2001.jpg,1.0
AE00227_175353_00_3_4_2001.jpg,1.0
AE00343_195626_00_2_2_2001.jpg,1.0
AE00409_234512_00_1_2_2001.jpg,0.0
AE00008_091811_00_2_1_2001.jpg,1.0
AE00529_184519_00_4_1_2001.jpg,0.0
AE00472_160204_00_1_1_2001.jpg,0.0
AE00281_224837_00_1_1_2001.jpg,0.0
AE00346_121908_00_3_1_2001.jpg,1.0
AE00022_223525_00_4_1_2001.jpg,0.0
AE00395_160947_00_1_1_2001.jpg,0.0
AE00478_143548_00_1_1_2001.jpg,0.0
AE00348_032357_00_3_1_2001.jpg,1.0
AE00499_155924_00_3_1_2001.jpg,0.0
AE00427_211807_00_1_1_2001.jpg,0.0
AE00072_163639_00_2_2_2001.jpg,1.0
AE00191_012032_00_3_3_2001.jpg,1.0
AE00191_103659_00_2_3_2001.jpg,1.0
AE00483_210413_00_1_4_2001.jpg,1.0
AE00552_163525_00_4_1_2001.jpg,0.0
AE00343_062754_00_1_2_2001.jpg,1.0
AE00018_165400_00_3_2_2001.jpg,1.0
AE00343_233149_00_3_3_2001.jpg,1.0
AE00500_052849_00_1_3_2001.jpg,1.0
AE00529_221337_00_1_3_2001.jpg,1.0
AE00072_135227_00_2_4_2001.jpg,1.0
AE00492_154648_00_1_3_2001.jpg,0.0
AE00299_163959_00_2_1_2001.jpg,1.0
AE00462_105501_00_4_4_2001.jpg,0.0
AE00343_171010_00_2_3_2001.jpg,1.0
AE00405_141808_00_1_3_2001.jpg,0.0
AE00481_032117_00_1_1_2001.jpg,0.0
AE00385_233921_00_3_1_2001.jpg,1.0
AE00182_160759_00_4_1_2001.jpg,0.0
AE00354_145506_00_4_3_2001.jpg,0.0
AE00396_224138_00_1_1_2001.jpg,0.0
AE00466_102705_00_4_1_2001.jpg,0.0
AE00191_073422_00_3_1_2001.jpg,1.0
AE00343_223725_00_2_4_2001.jpg,1.0
AE00238_121745_00_3_3_2001.jpg,0.0
AE00305_105021_00_2_3_2001.jpg,1.0
AE00385_191354_00_3_1_2001.jpg,0.0
AE00229_224004_00_4_3_2001.jpg,0.0
AE00476_162359_00_1_1_2001.jpg,0.0
AE00472_181843_00_1_3_2001.jpg,0.0
AE00502_022649_00_1_2_2001.jpg,1.0
AE00343_203445_00_2_1_2001.jpg,1.0
AE00191_171421_00_3_4_2001.jpg,1.0
AE00402_031722_00_4_1_2001.jpg,1.0
AE00018_234752_00_2_1_2001.jpg,1.0
AE00191_165838_00_3_2_2001.jpg,1.0
AE00354_090004_00_3_4_2001.jpg,1.0
AE00354_000727_00_3_4_2001.jpg,1.0
AE00450_214752_00_4_1_2001.jpg,0.0
AE00182_231116_00_1_4_2001.jpg,1.0
AE00346_090337_00_3_2_2001.jpg,1.0
AE00343_145355_00_2_1_2001.jpg,1.0
AE00227_172000_00_3_2_2001.jpg,1.0
AE00348_160817_00_4_1_2001.jpg,0.0
AE00191_103659_00_2_2_2001.jpg,1.0
AE00018_074640_00_2_4_2001.jpg,1.0
AE00325_221211_00_3_4_2001.jpg,1.0
AE00427_000831_00_1_1_2001.jpg,0.0
AE00272_183111_00_2_4_2001.jpg,1.0
AE00359_074429_00_1_1_2001.jpg,0.0
AE00409_165320_00_1_3_2001.jpg,0.0
AE00478_164526_00_2_1_2001.jpg,0.0
AE00405_034602_00_1_2_2001.jpg,0.0
AE00385_055647_00_3_3_2001.jpg,1.0
AE00409_172934_00_4_3_2001.jpg,0.0
AE00427_030939_00_1_1_2001.jpg,0.0
AE00191_134901_00_1_1_2001.jpg,0.0
AE00402_140013_00_2_1_2001.jpg,0.0
AE00354_232238_00_3_4_2001.jpg,1.0
AE00408_153912_00_2_3_2001.jpg,0.0
AE00348_165224_00_3_1_2001.jpg,1.0
AE00354_230647_00_3_2_2001.jpg,1.0
AE00346_033623_00_1_2_2001.jpg,0.0
AE00299_013710_00_2_3_2001.jpg,0.0
AE00408_153912_00_1_3_2001.jpg,0.0
AE00436_094258_00_2_1_2001.jpg,0.0
AE00072_111409_00_2_1_2001.jpg,1.0
AE00533_183245_00_1_3_2001.jpg,0.0
AE00022_152339_00_3_3_2001.jpg,1.0
AE00331_235618_00_3_2_2001.jpg,1.0
AE00453_054458_00_3_2_2001.jpg,0.0
AE00331_094750_00_2_3_2001.jpg,1.0
AE00550_033818_00_4_3_2001.jpg,1.0
AE00352_233847_00_4_4_2001.jpg,0.0
AE00343_134651_00_2_1_2001.jpg,1.0
AE00227_223447_00_2_3_2001.jpg,1.0
AE00427_114414_00_4_1_2001.jpg,0.0
AE00550_030213_00_1_2_2001.jpg,1.0
AE00389_164229_00_4_1_2001.jpg,0.0
AE00466_222006_00_4_2_2001.jpg,0.0
AE00533_030533_00_4_2_2001.jpg,0.0
AE00346_090608_00_3_4_2001.jpg,1.0
AE00227_145617_00_2_3_2001.jpg,0.0
AE00238_041110_00_3_4_2001.jpg,0.0
AE00379_034600_00_3_2_2001.jpg,1.0
AE00343_133759_00_3_4_2001.jpg,1.0
AE00182_234214_00_2_4_2001.jpg,1.0
AE00411_225140_00_1_2_2001.jpg,1.0
AE00348_021037_00_3_3_2001.jpg,1.0
AE00191_205615_00_3_2_2001.jpg,1.0
AE00266_131022_00_4_4_2001.jpg,0.0
AE00551_200923_00_1_2_2001.jpg,0.0
AE00549_131857_00_1_1_2001.jpg,0.0
AE00551_200923_00_4_2_2001.jpg,0.0
AE00343_203445_00_3_2_2001.jpg,1.0
AE00545_192941_00_4_4_2001.jpg,0.0
AE00411_020839_00_1_2_2001.jpg,0.0
AE00227_183328_00_3_4_2001.jpg,1.0
AE00472_155636_00_4_3_2001.jpg,0.0
AE00453_153818_00_1_2_2001.jpg,0.0
AE00440_154537_00_1_1_2001.jpg,0.0
AE00352_173432_00_3_2_2001.jpg,1.0
AE00018_154020_00_2_4_2001.jpg,1.0
AE00402_225051_00_1_2_2001.jpg,0.0
AE00018_090150_00_2_4_2001.jpg,1.0
AE00227_180307_00_2_2_2001.jpg,1.0
AE00305_225446_00_2_4_2001.jpg,1.0
AE00498_124447_00_1_1_2001.jpg,0.0
AE00343_163947_00_1_1_2001.jpg,0.0
AE00229_013259_00_3_4_2001.jpg,1.0
AE00248_134251_00_2_3_2001.jpg,1.0
AE00367_203959_00_3_3_2001.jpg,1.0
AE00018_041540_00_1_2_2001.jpg,0.0
AE00343_181122_00_3_2_2001.jpg,1.0
AE00352_073616_00_4_1_2001.jpg,1.0
AE00346_091813_00_3_4_2001.jpg,0.0
AE00408_023212_00_1_2_2001.jpg,1.0
AE00548_181201_00_4_3_2001.jpg,0.0
AE00331_133945_00_2_1_2001.jpg,1.0
AE00485_161334_01_4_3_2001.jpg,1.0
AE00547_162933_00_1_3_2001.jpg,1.0
AE00379_115113_00_3_2_2001.jpg,1.0
AE00479_124502_00_4_2_2001.jpg,1.0
AE00385_233921_00_3_2_2001.jpg,1.0
AE00227_030416_00_2_4_2001.jpg,1.0
AE00385_000142_00_3_2_2001.jpg,1.0
AE00483_181925_00_1_2_2001.jpg,0.0
AE00305_074850_00_3_3_2001.jpg,1.0
AE00476_110926_00_1_3_2001.jpg,1.0
AE00547_181938_00_4_1_2001.jpg,0.0
AE00299_031406_00_3_1_2001.jpg,1.0
AE00182_204538_00_2_4_2001.jpg,1.0
AE00449_222257_00_4_1_2001.jpg,0.0
AE00450_144552_00_4_4_2001.jpg,0.0
AE00022_160258_00_1_2_2001.jpg,0.0
AE00072_191813_00_3_4_2001.jpg,1.0
AE00402_132451_00_1_1_2001.jpg,1.0
AE00411_020839_00_3_2_2001.jpg,0.0
AE00191_230633_00_2_1_2001.jpg,1.0
AE00497_225401_00_1_1_2001.jpg,0.0
AE00299_194040_00_2_3_2001.jpg,1.0
AE00385_173636_00_3_4_2001.jpg,1.0
AE00553_225806_00_4_1_2001.jpg,0.0
AE00191_004723_00_2_1_2001.jpg,1.0
AE00501_160241_00_4_3_2001.jpg,0.0
AE00346_013041_00_3_1_2001.jpg,1.0
AE00379_124343_00_4_3_2001.jpg,0.0
AE00500_133827_00_1_1_2001.jpg,0.0
AE00440_143026_00_4_2_2001.jpg,0.0
AE00369_143206_00_4_2_2001.jpg,0.0
AE00238_120934_00_1_2_2001.jpg,0.0
AE00348_121110_00_3_3_2001.jpg,1.0
AE00072_213935_00_2_3_2001.jpg,1.0
AE00343_160417_00_3_2_2001.jpg,1.0
AE00191_092733_00_3_3_2001.jpg,1.0
AE00367_160255_00_3_3_2001.jpg,1.0
AE00343_004041_00_2_3_2001.jpg,1.0
AE00343_024022_00_2_3_2001.jpg,1.0
AE00408_081825_00_1_3_2001.jpg,0.0
AE00367_164548_00_3_1_2001.jpg,1.0
AE00191_032233_00_3_1_2001.jpg,0.0
AE00370_110718_00_4_2_2001.jpg,0.0
AE00453_153443_00_4_2_2001.jpg,1.0
AE00405_133422_00_1_2_2001.jpg,1.0
AE00385_012332_00_3_3_2001.jpg,1.0
AE00385_232323_00_1_1_2001.jpg,1.0
AE00492_221513_00_1_1_2001.jpg,0.0
AE00382_000623_00_1_1_2001.jpg,0.0
AE00492_224816_00_4_2_2001.jpg,0.0
AE00466_203126_00_1_4_2001.jpg,0.0
AE00248_221005_00_3_2_2001.jpg,1.0
AE00305_133721_00_3_3_2001.jpg,1.0
AE00305_132444_00_1_2_2001.jpg,1.0
AE00389_045123_00_2_2_2001.jpg,1.0
AE00305_221314_00_2_3_2001.jpg,1.0
AE00343_135147_00_2_3_2001.jpg,1.0
AE00354_170019_00_3_4_2001.jpg,1.0
AE00359_110104_00_3_1_2001.jpg,0.0
AE00354_180151_00_3_1_2001.jpg,1.0
AE00497_233557_00_4_1_2001.jpg,0.0
AE00182_184508_00_2_2_2001.jpg,1.0
AE00346_080426_00_3_2_2001.jpg,1.0
AE00352_064634_00_3_3_2001.jpg,1.0
AE00492_055544_00_4_2_2001.jpg,0.0
AE00072_010655_00_2_1_2001.jpg,0.0
AE00331_222015_00_1_4_2001.jpg,1.0
AE00182_232318_00_2_2_2001.jpg,1.0
AE00346_235955_00_1_4_2001.jpg,1.0
AE00182_134938_00_3_3_2001.jpg,1.0
AE00385_201302_00_3_3_2001.jpg,1.0
AE00343_101326_00_2_2_2001.jpg,1.0
AE00281_071133_00_3_4_2001.jpg,1.0
AE00191_102500_00_4_2_2001.jpg,0.0
AE00281_072720_00_2_4_2001.jpg,0.0
AE00229_061219_00_2_3_2001.jpg,1.0
AE00436_163923_00_4_2_2001.jpg,0.0
AE00352_171121_00_3_3_2001.jpg,1.0
AE00191_170539_00_2_2_2001.jpg,0.0
AE00409_030750_00_1_2_2001.jpg,0.0
AE00191_010759_00_2_2_2001.jpg,1.0
AE00343_153830_00_2_4_2001.jpg,1.0
AE00229_092141_00_2_3_2001.jpg,1.0
AE00367_041115_00_1_2_2001.jpg,0.0
AE00481_034635_00_2_4_2001.jpg,0.0
AE00402_124716_00_1_4_2001.jpg,0.0
AE00343_221250_00_4_3_2001.jpg,1.0
AE00552_163525_00_4_2_2001.jpg,0.0
AE00248_140413_00_2_4_2001.jpg,1.0
AE00382_141907_00_4_4_2001.jpg,0.0
AE00395_163829_00_2_3_2001.jpg,0.0
AE00350_154156_00_3_2_2001.jpg,1.0
AE00389_014014_00_4_2_2001.jpg,0.0
AE00385_171930_00_3_3_2001.jpg,1.0
AE00191_030504_00_2_1_2001.jpg,1.0
AE00331_094750_00_2_4_2001.jpg,1.0
AE00191_004723_00_3_4_2001.jpg,1.0
AE00409_045850_00_1_4_2001.jpg,1.0
AE00022_112544_00_2_3_2001.jpg,1.0
AE00466_102705_00_4_2_2001.jpg,0.0
AE00343_220712_00_3_2_2001.jpg,1.0
AE00453_121517_00_1_3_2001.jpg,1.0
AE00385_120722_00_3_2_2001.jpg,1.0
AE00379_125608_00_3_1_2001.jpg,1.0
AE00408_051313_00_1_3_2001.jpg,0.0
AE00481_093721_00_3_1_2001.jpg,1.0
AE00382_131702_00_4_2_2001.jpg,0.0
AE00405_221650_00_4_2_2001.jpg,0.0
AE00191_004723_00_2_4_2001.jpg,1.0
AE00350_150641_00_4_4_2001.jpg,0.0
AE00191_041632_00_2_2_2001.jpg,0.0
AE00302_164741_00_2_1_2001.jpg,1.0
AE00331_014347_00_2_3_2001.jpg,1.0
AE00408_180307_00_1_4_2001.jpg,0.0
AE00309_131716_00_2_2_2001.jpg,1.0
AE00385_132729_00_3_3_2001.jpg,1.0
AE00072_154601_00_3_4_2001.jpg,1.0
AE00191_101200_00_2_2_2001.jpg,1.0
AE00331_235618_00_2_4_2001.jpg,1.0
AE00481_160725_00_1_2_2001.jpg,0.0
AE00498_105305_00_2_4_2001.jpg,0.0
AE00449_145540_00_1_4_2001.jpg,0.0
AE00191_203028_00_2_2_2001.jpg,1.0
AE00305_101737_00_4_3_2001.jpg,1.0
AE00466_233012_00_2_3_2001.jpg,0.0
AE00299_033916_00_4_1_2001.jpg,0.0
AE00389_042246_00_1_2_2001.jpg,0.0
AE00411_054202_00_1_2_2001.jpg,0.0
AE00408_161423_00_4_4_2001.jpg,0.0
AE00531_082224_00_1_2_2001.jpg,1.0
AE00354_095538_00_3_3_2001.jpg,1.0
AE00305_215657_00_2_4_2001.jpg,1.0
AE00382_090429_00_3_4_2001.jpg,0.0
AE00385_021237_00_3_4_2001.jpg,1.0
AE00191_225055_00_2_3_2001.jpg,1.0
AE00348_072624_00_3_3_2001.jpg,1.0
AE00449_020527_00_1_1_2001.jpg,0.0
AE00331_230631_00_2_1_2001.jpg,1.0
AE00548_155756_00_1_1_2001.jpg,0.0
AE00343_233149_00_3_2_2001.jpg,1.0
AE00182_175530_00_3_3_2001.jpg,1.0
AE00466_183407_00_4_1_2001.jpg,0.0
AE00385_153302_00_1_4_2001.jpg,0.0
AE00182_223307_00_2_3_2001.jpg,1.0
AE00370_134640_00_3_3_2001.jpg,1.0
AE00299_205308_00_2_3_2001.jpg,1.0
AE00305_164120_00_2_1_2001.jpg,1.0
AE00476_130524_00_1_1_2001.jpg,0.0
AE00331_235530_00_2_2_2001.jpg,1.0
AE00472_142917_00_1_2_2001.jpg,0.0
AE00481_225056_00_1_1_2001.jpg,0.0
AE00281_230553_00_2_1_2001.jpg,1.0
AE00549_165307_00_4_4_2001.jpg,0.0
AE00346_094031_00_2_4_2001.jpg,0.0
AE00389_171647_00_1_4_2001.jpg,1.0
AE00191_100040_00_2_2_2001.jpg,1.0
AE00299_201514_00_2_1_2001.jpg,1.0
AE00227_053957_00_3_1_2001.jpg,0.0
AE00402_160843_00_4_2_2001.jpg,0.0
AE00405_073233_00_1_4_2001.jpg,1.0
AE00551_235822_00_4_3_2001.jpg,1.0
AE00534_191946_00_4_4_2001.jpg,0.0
AE00191_052550_00_1_1_2001.jpg,0.0
AE00191_102500_00_2_4_2001.jpg,1.0
AE00367_003459_00_3_3_2001.jpg,1.0
AE00018_211439_00_3_3_2001.jpg,1.0
AE00402_191506_00_2_4_2001.jpg,0.0
AE00502_072906_00_2_4_2001.jpg,1.0
AE00346_180638_00_3_1_2001.jpg,1.0
AE00405_193338_00_4_1_2001.jpg,0.0
AE00018_185309_00_4_4_2001.jpg,0.0
AE00432_090724_00_4_3_2001.jpg,0.0
AE00547_162610_00_1_1_2001.jpg,1.0
AE00352_064246_00_3_3_2001.jpg,1.0
AE00352_141851_00_1_1_2001.jpg,0.0
AE00367_085829_00_3_1_2001.jpg,1.0
AE00305_025922_00_3_3_2001.jpg,1.0
AE00496_114102_00_2_1_2001.jpg,0.0
AE00382_195402_00_2_1_2001.jpg,0.0
AE00472_165539_00_1_2_2001.jpg,0.0
AE00354_174143_00_1_4_2001.jpg,0.0
AE00367_031012_00_1_3_2001.jpg,0.0
AE00182_134938_00_3_2_2001.jpg,0.0
AE00354_204432_00_3_4_2001.jpg,1.0
AE00453_183634_00_1_4_2001.jpg,0.0
AE00346_191500_00_3_1_2001.jpg,1.0
AE00483_094954_00_4_1_2001.jpg,0.0
AE00367_033543_00_4_3_2001.jpg,0.0
AE00483_005812_00_1_1_2001.jpg,0.0
AE00481_005844_00_4_2_2001.jpg,0.0
AE00331_215946_00_1_2_2001.jpg,1.0
AE00411_233841_00_2_2_2001.jpg,0.0
AE00022_115418_00_2_2_2001.jpg,1.0
AE00191_062523_00_2_2_2001.jpg,1.0
AE00483_151257_00_4_3_2001.jpg,0.0
AE00348_181026_00_1_2_2001.jpg,0.0
AE00497_192650_00_1_1_2001.jpg,0.0
AE00385_170104_00_3_1_2001.jpg,1.0
